"",Glucose.BodyWeight,Obesity.BodyLength,Imm.PctCD8,Haem.MCH,Biochem.HDL,Biochem.LDL
A048005080,23.6,8.2,18.26,15.4,1.84,0.3
A048006063,29.1,8.2,12.19,14.4,,
A048006555,26.1,8.1,17.6,15.7,1.35,0.32
A048007096,25.7,7.6,,,1.93,0.31
A048010273,19.1,7.8,,,1.3,0.34
A048010371,21.7,6.7,26.35,,2.01,0.37
A048011040,14.1,6,12.09,15.7,,
A048011287,27.4,8.8,13.01,14.8,2.41,0.43
A048011567,23.9,8.2,26.32,15.6,,
A048013559,17.7,7.5,,,,
A048015047,19.1,6.9,19.71,16.2,2.24,0.4
A048017615,23.2,8.1,,,2.11,0.36
A048021023,24.5,7.6,19.06,15.9,1.52,0.24
A048022858,17.8,8.5,18.19,17.1,0.81,0.36
A048023355,19.7,7.8,,,1.96,0.37
A048028854,18.1,8.2,14.25,15.3,1.52,0.33
A048028871,22.7,7.5,8.02,,1.55,0.37
A048029086,20.1,7.5,,15.4,0.99,0.4
A048031067,16.2,7,16.81,,1.56,0.38
A048031355,19.8,8,,,2.03,0.38
A048031545,15.7,7,13.97,15.9,1.36,
A048031822,28.4,8.6,11.32,14.9,,
A048032099,20.6,7.7,,,1.56,0.49
A048032883,19.4,6.6,15.47,16.4,1.04,0.44
A048033069,20.2,7.4,,,,
A048033354,14.8,7.2,,,1.56,0.33
A048033618,21.9,8.1,,,,
A048034836,22.7,7.8,,,2.11,0.53
A048035291,19.7,7.1,12.96,15.5,,
A048035543,23.2,7.7,,15.1,2.14,0.5
A048035553,16.9,7.1,23.77,,1.71,0.39
A048035776,17.7,7.4,24.93,16.5,1.69,0.37
A048036063,22.1,7.7,15.16,15.3,1.51,
A048036259,19.5,8,20.2,15.7,2.27,0.4
A048037297,18.8,7.5,,,1.94,0.36
A048038018,21,7.9,,,1.82,0.32
A048040045,15.5,7,20.11,16.1,1.01,0.25
A048040526,16.6,7.8,17.27,14.8,1.14,0.49
A048041122,17.1,6.9,,,1.22,0.35
A048042578,25.9,8.3,19.55,16.1,2.62,0.45
A048042626,18.5,7.6,23.14,14.8,,0.21
A048042870,25.3,8.4,10.6,,2.57,0.4
A048043525,19.6,7.8,,,2.35,
A048043833,25.9,8.5,,,2.05,0.39
A048044830,15.7,7.6,,,1.5,0.69
A048045845,22.9,7.5,,15.7,,
A048047040,18.6,7.2,14.11,,1.93,0.47
A048047298,17.2,6.2,11.17,15.5,1.61,0.39
A048048118,19.6,6.9,26.86,15.6,1.14,0.24
A048050779,17,7.1,28.1,15.1,1.01,0.49
A048050833,25.7,7.5,18.53,,2.46,0.33
A048051064,23.7,8,,16.8,1.87,0.39
A048051824,28.1,8.1,,,1.6,0.3
A048052595,24.2,8,,15.2,1.81,0.37
A048053604,17.9,7.5,,,1.74,0.27
A048053821,17.4,7.7,,,2.14,0.64
A048053860,15.9,7.1,,,1.3,0.37
A048054628,20.1,6,15.87,15.9,,
A048054885,26.2,8.3,,,2.06,0.63
A048055081,17.7,7.4,,,1.05,0.3
A048055545,19.3,7.1,24.98,,1.33,0.36
A048056266,24,7.2,16.46,16,1.56,0.44
A048056786,20.4,7.8,10.3,15.3,1.52,0.35
A048057565,18,6.4,16.91,15.2,1.87,0.26
A048057587,17.9,7.2,,,1.71,0.41
A048057608,25.7,7.5,14.09,,1.93,0.31
A048057823,22.7,7.2,,,2.13,0.41
A048057883,28.7,8.6,,,1.54,0.37
A048058070,24,7.7,,,2.28,0.42
A048058769,25.8,8.2,25.04,15.9,1.8,0.29
A048058856,18.7,7.4,15.62,16,1.41,0.31
A048058878,18.3,7.5,,,1.83,0.38
A048059097,23.8,7.4,14.57,,,0.48
A048059117,28.1,8,17.16,,2.29,0.49
A048059602,21.3,7.5,,,2.97,0.48
A048059836,21.6,8,,,1.88,
A048060314,23.7,8.3,,,,
A048061051,23.6,7,11.34,,2.09,0.29
A048061341,23.4,8,24.42,16.1,1.68,0.37
A048061513,24.5,7.5,20.2,16.2,2.29,0.34
A048061517,18.7,6.6,19.33,15.1,1.56,0.44
A048061864,23.6,6.7,,,,
A048062325,25.8,7.2,19.26,15.4,1.94,0.34
A048063276,25.4,8,17.24,15.9,2.14,
A048063277,18.5,7.5,15.07,15.3,1.66,0.36
A048063778,15,6.7,,,1.25,0.35
A048064308,15.3,6.3,16.71,14.7,1.77,0.3
A048065035,14.9,7.5,,15.7,2.1,0.34
A048066343,20.2,7.2,,,1.97,0.33
A048066594,37.5,8.7,20.72,15.2,1.92,0.3
A048067278,16.6,6.7,,16.5,1.42,0.23
A048067791,34,8,17.36,15.8,1.82,0.39
A048067887,18.8,6.7,23.01,15.2,1.86,0.36
A048068026,16.8,6.7,20.5,,1.56,0.38
A048068077,18.9,7.8,22.82,15.4,0.96,0.22
A048068368,23.8,6.3,19.31,15.5,2.31,0.37
A048069001,24.5,7,19.58,15.8,1.01,0.4
A048069049,17,6.3,14.35,,1.68,0.32
A048069514,19.8,7.8,,,1.86,0.36
A048070376,18.1,6.9,19.53,,1.59,0.47
A048071106,30.2,7.5,10.74,15.1,,0.36
A048071579,19.2,7.9,,15.8,1.2,0.25
A048072087,19.4,8.1,14.58,,1.6,0.28
A048072266,16.2,7.2,,,1.41,0.36
A048072521,14.9,7.4,21.2,15.7,1.44,0.21
A048072595,17.8,7.7,15.85,15.4,1.02,0.3
A048073291,24.6,7.3,17.4,16.4,1.49,0.33
A048073633,17.1,7.5,,,,
A048074553,24.6,5.9,21.46,,2.75,0.52
A048075265,19.2,6.9,17.47,15,2.15,0.29
A048075614,14.9,6.3,15.41,,1.4,0.24
A048076630,26.5,7.2,28.06,14.9,2.52,0.56
A048076855,17,7.3,25.47,15.4,1.55,0.26
A048077032,26.3,7.9,,,,
A048078862,16.5,7.1,17.66,15.3,2.16,0.32
A048079075,23.6,7,19.17,16.6,1.17,0.32
A048079842,18.8,8.1,,,1.31,0.66
A048080339,20.6,7.8,,,1.92,0.32
A048080582,18.8,7.1,17.92,16,1.52,0.25
A048081308,18.5,7.3,27.45,16.8,1.11,0.35
A048082329,21.4,7.9,,,2.04,0.36
A048082363,17.9,7.3,24.15,,1.79,0.46
A048082370,22.7,6.8,11.04,,1.66,0.31
A048083047,24.3,8.2,19.22,16,1.52,0.62
A048083517,19.9,7.7,,,1.91,0.3
A048083604,24.2,7.8,,,2.14,0.48
A048084065,16.6,7,14.25,,1.44,0.31
A048084549,17,7.5,18.44,15.3,1.67,0.4
A048084850,26.4,8.3,,,2.87,0.45
A048085283,16.7,7.5,21.75,,1.28,0.45
A048085379,23.6,7.5,16.62,15.5,2.03,0.51
A048086093,15.7,6.9,21.5,15.4,1.29,0.38
A048086277,22.4,7.5,24.57,15.9,1.98,0.25
A048086793,18,7.4,17.43,15.9,1.17,0.25
A048086841,20.6,8,,,1.25,0.57
A048087831,18.6,7.5,15.54,16.7,1.01,0.29
A048088520,24.2,7.3,27.13,15.5,2.38,0.3
A048089538,17.7,7,12.37,,1.82,0.35
A048090850,14.3,6.8,,,1.32,0.33
A048092264,17.8,7.5,,,1.72,0.3
A048092534,20.1,7.7,19.94,16,1.96,0.32
A048092536,23.9,7.9,,,2.78,0.44
A048093042,22.8,7,17.9,15.8,1.45,0.41
A048093342,17,8.2,21.71,15.5,1.79,0.31
A048093528,28.2,7.5,12.44,15,2.41,0.46
A048094060,16.6,7.3,,,1.59,0.41
A048094368,25.9,7.7,15.59,,2.12,0.37
A048094867,28.8,8.2,,16.2,1.98,0.3
A048096119,24.6,7.5,14.24,15.8,,
A048096523,21.7,8.3,,,1.54,0.27
A048097274,18.8,7.5,,,2.79,0.44
A048098560,20.3,7.8,,,,
A048098608,18.5,7.5,,,1.76,0.41
A048098790,17.3,7.4,19.42,,1.66,0.34
A048098815,16.4,7.6,21.98,15.3,1.63,0.26
A048100854,25.9,8.1,,,2.19,0.46
A048101022,21.2,7.8,19.04,16.1,1.71,0.33
A048101354,23.8,7.1,,,2.19,0.49
A048101850,18.7,7.3,12.02,,1.6,0.4
A048102058,24.9,7.6,,,2.17,0.37
A048102062,29.6,7.2,21.06,15.5,2.28,0.32
A048102284,29.2,8,15.83,15.5,,0.45
A048102298,23,7.2,11.53,,1.96,0.4
A048102326,26.6,7.6,13.41,,2.68,0.48
A048102344,17.6,7.4,,,1.75,0.56
A048102636,27.8,7.4,18.78,15.5,,
A048103552,23.4,7.6,26.19,16.3,1.73,0.24
A048104055,16,7.4,,,1.38,0.43
A048105840,16.5,6.8,8.15,,1.54,0.44
A048106824,20.4,7.8,17.9,16.8,2.12,0.43
A048107106,27.4,7.4,17.05,15.1,2.03,
A048108281,24.2,6.5,12.88,14.7,2.14,0.47
A048108327,18.8,7.2,24.37,,2.32,0.54
A048109049,19.6,6.5,9,,1.66,0.41
A048109836,21.3,7.4,17.89,,2.15,0.31
A048111053,22.3,7.7,,,2.11,0.44
A048111353,25.1,8,12.39,,2.17,0.29
A048111516,16,6.4,27.83,15.2,1.26,0.27
A048111540,19.5,8.3,23.45,15.3,,
A048111820,25,7.9,,,2.18,0.28
A048111832,20,7.7,,,2.56,0.57
A048111851,21.6,7.5,14.52,14.5,0.98,0.33
A048112845,17,7.6,19.84,15.4,1.5,0.23
A048113040,17.2,6.9,,15.8,1.13,0.35
A048113527,18.5,7.5,13.49,15.9,1.62,0.31
A048114022,18.1,6.8,19.72,17,2.2,0.55
A048114639,18.9,7.3,18.26,15,1.64,0.52
A048114787,19.1,7.6,25.69,16.1,0.92,0.46
A048114796,17.2,7.5,20.89,,1.95,0.46
A048114828,21.8,7.5,,,1.48,0.32
A048114848,23.8,7.8,,,2.52,0.55
A048115324,19.2,7.5,12.21,,1.91,0.42
A048115577,19.2,6.2,16.62,15.5,0.72,
A048115835,17.2,6.3,13.18,,1.86,0.41
A048115873,28.8,7.7,15.5,,2.42,0.38
A048117617,17.1,7,13.24,,1.69,0.48
A048117780,14.5,7,23.44,,1.71,0.49
A048117807,20.5,7.4,,,,
A048117876,19,6.8,20.45,15.4,1.79,0.4
A048118000,23,6.9,18.46,15.9,1.3,0.49
A048118372,21.5,7.4,15.46,16.6,1.16,0.31
A048118531,21.9,7.8,,,2.11,0.72
A048119797,14.9,6.4,17.07,15.1,1.24,0.35
A048120064,23.5,6.6,20.98,15,1.97,0.33
A048120298,16.9,7,16.51,15.5,1.65,0.3
A048122076,19.7,7.7,,,1.72,0.4
A048122316,16.5,7.7,15.54,16.4,1.84,0.27
A048122322,24.2,7.7,18.69,15.8,,
A048122545,18.5,7.3,13.27,15.9,1.11,0.26
A048122784,24.9,7.1,14.64,15.6,2.52,0.56
A048123293,19.8,6.5,,,1.52,0.45
A048123376,19.4,7.4,21.56,,1.24,0.28
A048123560,28.1,7.8,,16.4,1.35,0.28
A048124637,23.9,8.1,,,1.66,0.42
A048125004,20,6.7,11.29,,1.58,0.42
A048125017,20.5,7.8,,,1.62,0.22
A048126293,24,7.1,15.09,,2.22,0.51
A048126565,16.6,6.8,9.88,15.5,2.13,0.3
A048127320,24.3,7,23.28,14.9,2.15,0.35
A048127592,24.8,8,19.39,16.7,0.75,0.64
A048127848,15.6,7.7,,,1.43,0.39
A048256056,24.9,8.1,,,2.14,0.45
A048256284,23.3,6.2,16.56,15.7,1.29,0.32
A048256776,18.2,7.8,23.22,15.3,0.99,0.35
A048257316,18.1,7.8,14.14,15.7,1.42,0.25
A048258376,27,8.5,,,2.15,0.35
A048258620,19,7.4,,15.5,1.75,0.32
A048258834,19.7,8,16.2,16,1.75,0.35
A048258842,24.7,7.8,,,1.58,0.43
A048261002,22.8,7.7,14.79,15.5,2.37,0.33
A048261040,12.7,6.9,21.06,,1.93,0.38
A048261072,26.4,7.8,,,2.07,0.39
A048261259,19.6,7.9,21.13,14.8,1.76,0.31
A048263034,21.1,6.7,,,1.67,0.81
A048263310,18.6,7.9,18.71,16.8,0.86,0.19
A048268784,18.4,7.4,15.98,,1.98,0.43
A048271860,21.1,6.7,19.74,15.6,1.79,0.3
A048272018,25.2,6.8,29.44,15.9,2.44,0.49
A048272323,23.3,7.5,24.15,15,2.52,0.47
A048272331,22.4,8,18.03,15.9,1.07,0.36
A048272340,22.6,7.4,,,2.4,0.41
A048272564,24,8.4,13.67,15.3,1.78,0.26
A048272639,25.8,7.5,11.97,,1.8,0.36
A048273042,25.5,7.7,7.31,,2.57,0.4
A048273083,24.4,6.8,24.44,,,0.42
A048273303,19.8,7.7,,,2.3,0.39
A048273349,16.4,6.9,,,1.98,0.45
A048273353,20.5,6.6,17.58,16.4,1.67,0.39
A048273584,18.3,7.9,,,2.37,0.38
A048273604,23.7,6.9,,15.6,2.29,0.46
A048273784,24.9,7,,,2.69,0.53
A048273786,25.9,7,18.77,16.9,2.49,0.37
A048274015,23.4,7.3,,,1.84,0.48
A048274362,19.2,6.4,12.61,15.9,1.77,0.33
A048274606,22.1,8.1,,,1.77,0.43
A048274859,31,7.8,11.48,15,2.58,0.44
A048275273,22.6,6.8,22.15,,2.17,0.59
A048275274,17.9,7,13,14.5,1.82,0.31
A048275570,18.9,7.6,24.18,15.7,1.83,0.33
A048275888,25.1,7.5,,,2.8,0.51
A048276530,16.4,7.1,,,1.37,0.32
A048276532,27.6,7,17.15,15.5,1.21,0.26
A048276563,20.1,7,11.72,16,1.26,0.29
A048276590,26.2,6.9,14.92,14.5,2.3,0.41
A048276812,22.1,8,,,1.51,0.23
A048276871,21,7.9,18.63,15.5,1.02,0.34
A048277066,24.9,8.4,,,1.76,0.47
A048277613,21.5,7.8,,,1.88,0.67
A048277802,27.3,8.3,,,2.3,0.42
A048277878,16.6,6.9,,,1.37,0.32
A048277888,16.3,7.5,,,,0.79
A048278035,17.8,6.4,17.55,15.9,0.89,0.25
A048278066,25.2,7.9,,,2.56,0.36
A048278086,22.3,7.5,20.67,15.9,2.01,0.38
A048278103,20.1,7.4,19.88,15.3,1.38,0.26
A048278380,18.7,7.7,12.05,16,2.08,0.33
A048278795,15.8,7.5,20.88,15.5,2.59,0.45
A048279009,18,6.4,,,1.67,0.39
A048279079,20.4,8.1,13.3,15.4,1.06,0.4
A048279086,17.4,7.8,,,1.72,0.42
A048279094,18.8,7.4,16.09,15.9,1.4,0.24
A048280355,24,7.9,,,1.4,0.3
A048280365,17.7,7.5,,,1.78,0.56
A048280513,18.9,8,30.4,14.9,2.41,0.35
A048280561,22.5,8,,,1.44,0.72
A048280877,16.5,7.4,,,1.21,0.3
A048281301,19.3,7.4,25.39,15.4,1.63,0.28
A048281589,17,7.7,13.1,16.2,1.84,0.34
A048281772,25.7,7.2,,15.7,1.65,0.34
A048281893,16.7,7.2,,,0.46,0.39
A048282019,26.8,8.2,,,1.96,0.42
A048282069,26.4,8.2,15.88,,2.11,0.44
A048282323,17.8,6.5,17.67,14.7,1.03,0.23
A048282364,23.4,6.8,,,,
A048282532,19,7.3,15.05,,1.96,0.33
A048283353,22.8,8.2,12.24,,2.79,0.44
A048283514,26.1,7.1,15.1,,2.1,0.31
A048283521,20.3,7.6,,,,
A048283621,17.4,7.7,11.79,,1.99,0.48
A048283853,22.6,7.5,13.49,16.5,,0.32
A048285543,19.1,8.5,24.35,15.6,1.39,0.42
A048285627,25.3,8,20.41,16.3,1.59,0.36
A048285875,24.6,6.5,23.19,15.3,1.03,0.21
A048286078,22.8,7.9,,,1.51,0.24
A048286335,22.6,6.6,18.06,,2.22,0.36
A048286571,18.8,7.2,18.94,,1.53,0.31
A048286851,16.3,7.4,21.2,15.8,1.43,0.31
A048287013,25.8,8.1,19.14,,2.27,0.3
A048287563,17.7,7.6,10.02,,,
A048287619,25.6,8,23.05,15,2.01,0.46
A048287855,18.2,7,16.64,,1.42,0.33
A048288313,25.3,7.2,9.03,,2.97,0.43
A048288364,19.2,7.7,17.61,14.9,1.95,0.43
A048292804,24.2,6.7,19.6,15.8,2.7,0.49
A048296850,23.4,7.5,19.14,15,2.02,0.58
A048297050,29.5,7.1,20.47,15.3,0.87,0.37
A048297770,18.9,7.2,16.43,16.2,,
A048299053,18.9,7.8,29.41,14.4,2.58,0.49
A048300274,17.6,6.3,7.27,16.5,,
A048300286,19.3,6.3,8.93,,2.09,0.41
A048301565,16,7.2,20.33,15.7,,
A048302637,22.5,7.3,16.31,15.8,1.83,0.29
A048302801,23.8,7.5,15.88,,2.3,0.35
A048303261,15.2,6,13,,1.33,0.21
A048304031,20.5,7.5,16.91,15.7,1.7,0.32
A048305265,24.9,7.8,,,1.56,0.39
A052525850,21.4,7.5,10.75,15.2,1.31,0.4
A052529313,27.4,7.9,20.68,14.8,2.58,0.47
A052530595,21.9,6.9,22.84,15.9,1.22,0.33
A052538059,18.4,6.5,15.43,,1.04,0.38
A052545836,15.7,6.7,,16,1.19,0.34
A052552092,17.9,6.2,14.08,,1.2,
A052553296,30.7,8,24.64,15.8,1.77,0.42
A052553589,15,6.7,21.87,15.3,1.16,0.28
A052554317,17.5,7,24.58,15.8,2.06,0.54
A052555539,20.2,7.6,11.94,15.2,2.28,0.42
A052556361,25.8,7.6,18.58,16.3,2.02,0.44
A052569537,28.8,8,23.58,15.1,2.21,0.46
A052589120,24.8,7.9,14.84,16.3,1.84,0.4
A052589333,26,8.1,21.49,16.4,2.29,0.41
A052592018,26.7,7.9,,16,1.73,0.36
A052597567,23.6,7.7,10.79,14.5,2.75,0.57
A052598083,19.9,7.3,22.82,16.4,0.86,0.3
A052602081,21.6,7.4,8.34,16.2,1.53,0.29
A052609588,14.7,6.3,19.13,16.2,1.54,0.3
A052610048,19.4,6.9,17.58,16.2,,
A052616855,19.5,8,,15.9,0.74,0.28
A052618008,22.8,7.1,12.68,15.2,2.08,0.57
A052619346,18.4,7,24.89,15.5,1.42,0.37
A052619562,16.4,7.4,,,0.99,0.3
A052620834,26.6,7.7,7.96,15,1.88,0.43
A052621017,28.6,8,21.62,,2.04,0.44
A052623584,13.9,6.9,14.26,15.7,0.82,
A052624066,19.7,8,19.93,14.8,1.39,0.25
A052624514,17.1,6.7,20.87,14.8,0.96,0.37
A052624782,21.2,7.2,,16.5,1.24,0.36
A052625275,27.7,8.2,,14.5,1.84,0.63
A052628570,27.2,7.7,16.24,,1.99,0.34
A052629363,27.5,7.3,6.83,15.5,2.32,0.52
A052634603,22.3,7.1,17.34,16.3,,
A052634623,16.4,7.8,21.09,,,0.47
A052634816,24.2,7.7,18.16,15.6,1.68,0.37
A052635259,25.9,7.9,9.73,15,2.14,0.53
A052638360,20,7.1,26.46,15.5,1.84,0.29
A052780082,21.7,7.8,19.91,15.7,2.49,0.37
A052781842,16.9,7.5,11.29,,0.87,0.23
A052781845,17.4,7,20.46,15.2,0.91,0.37
A052782850,23.5,7.2,26.88,15.3,1.94,0.41
A052787883,26,7,12.85,16,2.14,0.44
A052792353,25.2,6.5,9.4,16.1,1.26,0.3
A052795037,24.9,7.6,9.93,15.6,1.69,0.39
A052796857,25,7.5,17.31,15.4,,
A052798557,25,8,27.26,16,1.91,0.36
A052799267,18.4,8.2,17.18,15.2,1.51,0.52
A052799328,19.6,7.1,24.21,16,0.95,0.29
A052800382,19.1,7.7,14.7,,1.22,0.38
A052801541,19.8,6.9,24.52,17,1.36,0.3
A052808283,24.1,8.1,,15.8,1.76,0.37
A052811355,19.7,7.6,10.62,14.6,1.7,0.58
A052812594,19.5,7.8,13.67,16,1.1,0.3
A052819094,20.7,8.3,12.67,15.8,1.49,0.35
A052828076,21,7.9,12.63,14.8,1.99,0.38
A052838073,22.3,7.6,13.51,14.9,1.96,0.35
A052842597,18.8,7.8,,15.1,1.05,0.32
A052844109,20.4,7.9,9.91,15.1,1.44,0.34
A052845832,28.8,8.1,15.93,,2.48,0.51
A052846805,22,7.5,26.49,15.5,2.03,0.36
A052848257,16.5,7.9,,15,1.07,0.39
A052849123,17.5,7.6,,15.4,0.83,0.33
A052851552,18.5,7.4,9.53,14.9,1.48,0.52
A052852067,21.4,7.6,14.9,15.2,2.24,0.55
A052852070,27.9,8.2,,15.6,2.07,0.48
A052853802,21.2,6.9,9.88,15.7,1.35,0.41
A052854269,24.7,8.3,17.76,15.2,1.21,0.35
A052856103,23.6,7.4,,15.2,1.98,0.65
A052857123,24.4,8,15.58,16.1,1.93,0.41
A052857857,26.8,8.4,24.39,15.9,1.83,0.33
A052858890,26.5,7.1,14.37,16.1,2.21,0.4
A052861821,24.5,7.8,22.49,15.5,2.08,0.39
A052862319,21.9,7.6,20.08,15.1,2.04,0.42
A052863022,25.2,7.8,14.61,,1.53,0.57
A052870852,22.8,7.2,9.97,16,1.28,0.4
A052873779,22.8,7.6,16.17,16,1.53,0.34
A052877118,27.4,7.6,23.85,15.4,2.08,0.32
A052888127,25.3,7.5,15.11,16.2,1.88,0.46
A052888590,17.6,8.2,10.47,15.4,1.96,0.42
A052888591,25.5,7.4,,16,2.71,0.64
A052892316,21.4,7.4,8.92,15.8,1.26,0.42
A052892872,21.5,7.3,10.08,15.7,1.13,0.34
A052893788,17.1,7,14.85,15.2,1.08,0.3
A053002052,18.2,6.9,10.02,,,
A053013093,25.5,8.2,20.56,16.7,1.6,0.31
A053023380,20.8,7.9,,15.2,1.3,0.29
A053024601,25.6,8.1,,15.1,1.64,0.49
A053026587,25.2,7.8,14.58,15.4,1.81,0.4
A053026818,18.2,7.6,30.82,16.8,1.38,0.39
A053027117,20.6,7.7,10.66,15.7,1.56,0.42
A053028102,19.1,7.9,,15.4,1,0.27
A053029369,28.5,8,12.74,15.7,1.21,0.23
A053029791,16.7,7.8,,15.7,1.52,0.47
A053030292,25.1,7.7,16.3,16,,
A053031772,19.8,7.9,,16.4,0.66,0.19
A053035844,26,7.4,11.96,15.5,2.08,0.33
A053037776,20,7.8,16.31,16.3,1.71,0.28
A053037880,20.5,8.1,7.99,15.4,1.46,0.27
A053042270,23.6,7.9,10.89,14.5,1.47,0.48
A053044603,20.2,8.2,14.14,14.9,2.37,0.43
A053048603,18.4,7.2,15.87,,1.75,0.61
A053052635,30.7,7.9,9.43,15.7,1.92,0.39
A053053012,18.3,7.3,14.99,15.1,1.64,0.31
A053053096,20.1,7.6,28.98,15.3,1.65,0.32
A053054340,28.5,7.5,26.05,15.6,2.22,0.45
A053054528,19.1,8,24.48,16,1.59,0.48
A053057796,18.3,6.4,23.1,,0.79,0.47
A053058379,13.3,6.1,19.84,15.9,1.05,0.25
A053059356,22.1,7.9,18.94,15.1,1.84,0.34
A053063281,19.9,8.2,18.85,15.7,1.05,0.36
A053063855,24.1,7.4,17.27,15.8,1.42,0.47
A053066863,18.4,7.6,,15.6,2.38,0.46
A053068315,25.5,7.9,21.15,14.8,1.57,0.28
A053068775,29,7.5,8.71,15.9,1.88,0.36
A053070383,19.4,7.7,12.07,,0.99,0.4
A053074016,18,7.1,,14.6,0.91,0.25
A053075376,22.3,7.9,11.54,15.5,1.4,0.42
A053075572,17.2,7,20.87,15.1,0.97,0.42
A053075810,25.8,7.8,18.41,16.5,2.29,0.37
A053076035,25.6,7.4,12.11,16.4,1.85,0.33
A053077810,24.6,7.1,15,15.9,,0.37
A053078842,19.9,7.6,,15.3,1.12,0.3
A053081284,15.1,6.9,21.49,16.2,1.2,0.3
A053083824,19,8.1,14.51,15.2,1.06,0.26
A053084062,16.7,7.5,15.27,15.3,0.62,0.61
A053085267,13.2,6.9,17.91,16,1.93,0.31
A053086377,25,7.4,17.94,15.2,,0.56
A053096770,28.1,7.7,,15.4,2.07,
A053098266,19.9,7.1,15.14,16.5,1,0.27
A053101275,21,7.3,15.17,,1.59,
A053102110,21.2,7.2,18.08,16.1,2.15,0.47
A053104274,24.1,7.4,21.5,15.4,1.93,0.43
A053104836,19.6,7.4,12.47,15.5,1.62,0.33
A053109294,27.1,8,10.76,15.7,2.05,0.36
A053111539,14.8,7,20.85,15.7,1.29,0.47
A053112576,20.2,7.2,12,16.2,,
A053113372,23.5,7.9,15.19,15.4,2.09,0.42
A053115580,22.8,7.4,18.53,15.9,2.2,0.36
A053117273,27.7,8.5,21.86,15.4,1.35,0.33
A053118815,18.5,7,,16.7,1.86,0.33
A053119096,19.5,7.6,,15.3,1.99,0.47
A053121340,29.5,8.3,11.74,16,2.46,0.68
A053121348,20.7,6.8,13.79,15.2,1.51,0.4
A053121776,22.5,7.1,,15.6,2.28,0.43
A053121786,17.3,7.4,15.79,15.7,,0.41
A053123328,27.5,7.8,26.57,15.5,2.19,0.69
A053126610,18.2,8,22.8,14.9,2.01,0.42
A053259595,21.3,8.4,10.64,15.2,0.87,0.34
A053268028,26.2,7.2,11.88,14.1,,0.35
A053273558,29.1,7.7,8.26,16.3,2.3,0.38
A053274515,23.5,7.9,20.41,15.5,1.92,0.39
A053278519,17.8,7.2,17.71,15,1.59,0.79
A053278526,25.5,7.2,,14.9,1.79,0.34
A053278534,17.6,7.3,21.69,16.2,1.69,0.41
A053279798,20.1,7.3,8.45,16,1.02,0.41
A053306061,17.5,6.7,,15.3,0.88,0.33
A053309610,24,7,24.99,15.2,1.86,0.36
A053310771,17,7.1,23.46,15.4,1.54,0.43
A053311315,15.8,7.5,16.1,,,0.46
A053314371,23,7.5,14.69,15.5,1.93,0.37
A053315089,22.4,7.7,17.23,14.7,2.11,0.3
A053324619,27.4,7.9,21.85,15.4,,0.64
A053325844,26.6,7.8,7.35,15.9,2.09,0.32
A053327638,23.8,7.2,16.33,,1.89,0.32
A053328342,21.8,7.7,14.58,15.2,1.02,0.31
A053328630,22.7,8.3,16.1,14.4,,0.42
A053329319,16.1,7.4,20.85,16.5,1.42,0.33
A053334598,16.4,7.1,12.75,14.8,1.42,0.54
A053334608,25.6,8.2,16.18,15.3,1.93,0.38
A053344037,18.6,8.1,13.56,16.4,1.62,0.52
A053345354,18.5,8,15.39,,1.48,0.46
A053347109,25.1,7.4,19.5,15.6,2.28,0.42
A053347368,18.4,7.9,,16.8,1.2,0.39
A053348357,26.8,8.3,11.15,15.1,1.56,0.45
A053349036,19.6,7,14.57,16.9,1.64,0.22
A053349313,22.7,7.9,23.8,15.8,1.97,0.36
A053350345,31.4,8.1,18.23,15.4,2.37,0.34
A053350557,20.3,7.8,10.78,16.2,1.32,0.36
A053357326,24.2,7.7,16.26,15.3,1.44,0.21
A053357344,19.5,7.6,8.6,15.7,1.25,0.27
A053363022,17.5,7.4,,14.9,1.54,0.51
A053363287,27.1,8.2,11.1,15.1,2.02,0.43
A053364292,26.5,7.6,12.8,16.2,1.84,0.43
A053366615,20.9,7,12.2,16.1,1.84,0.29
A053368562,25.9,8.1,24.33,14.2,1.58,0.24
A053370831,16.6,7,14.22,15.9,1.58,0.35
A053372091,21.4,8,13.78,16.7,1.95,0.45
A053373276,16.5,7.7,12.58,15.3,0.9,0.39
A053374870,23.1,7.2,,15.4,1.78,0.36
A053376341,20.5,7.6,,15.5,1.74,0.57
A053377861,17.9,6.8,14.37,16.8,2.17,0.32
A053380881,25.1,7.6,15.48,16.6,0.95,0.6
A053381362,20.2,7.6,9.51,15.3,1.45,0.37
A053382037,22.9,7,14.79,14.8,0.92,0.56
A053512777,18.9,8.1,26.65,14.6,0.99,0.29
A053515788,16.3,7,,15.4,1.26,0.3
A053517124,19.5,8.4,,16.2,0.99,0.38
A053521596,26.5,7.7,11.3,15.6,1.76,0.38
A053523614,18.5,7.6,13.66,,1.26,0.28
A053524010,20,7.3,13.6,16.3,1.2,0.28
A053537328,18.9,7.5,,14.8,,0.41
A053538123,25.5,7.5,,15.5,1.65,0.39
A053542615,17.7,7.9,,15.5,1.13,0.45
A053543610,26.3,7.1,,15.2,2.42,0.46
A053544524,28.3,8.4,13.17,16,1.54,0.2
A053547773,15.5,6.2,12.4,15.3,,
A053548812,22.8,8,11.75,15,1.9,0.43
A053550328,26.7,8.1,23.9,15.3,,0.27
A053557530,22,7.7,8.99,15,1.13,0.4
A053558768,28.2,7.5,15.68,15.7,1.61,0.24
A053559068,22,6.8,12.17,16.4,1.73,0.37
A053561870,24.2,7.9,28.25,15.7,2.66,0.34
A053562842,23.3,8.2,15.32,15.5,1.68,0.33
A053563030,15.3,8,15.45,,1.36,0.47
A053563588,17.4,7.3,19.9,15.5,1.67,0.39
A053564374,19.2,8.1,16.51,15.1,1.26,0.36
A053564582,22.4,8.1,12.29,15.8,1.23,0.37
A053565037,16.6,6.2,16.96,15.8,,
A053568862,16,7.5,14.2,15.2,1.45,0.22
A053573885,28.5,7.5,8.05,16.1,2.16,0.47
A053575633,19.2,8,22.76,15.3,2.06,0.42
A053576623,17.5,7.8,21.94,,,0.49
A053577791,16.3,6.5,19.53,15.5,1.35,0.3
A053579560,19.2,7.1,19.62,15.9,1.24,0.32
A053581777,18.7,6.8,25.34,15.3,1.27,0.37
A053582632,22.7,7.9,27.54,15.7,1.8,0.3
A053583638,22,7.7,14.58,15.1,1.7,
A053589026,23.4,7.5,22.21,15.9,2.23,0.32
A053592775,25.8,7.6,19.6,14.4,1.7,0.32
A053593532,14.2,6.3,18.71,16.1,0.71,0.25
A053594023,28.1,7.5,9.11,16,1.79,0.31
A053596619,18.4,7.9,18.22,15.8,1.75,0.48
A053597769,17.5,8,,15.6,1.22,0.35
A053603357,21.8,7.3,11.14,15,1.34,0.32
A053606015,22.2,8.2,17.67,15.9,1.49,0.44
A053607343,18.5,6.7,23.94,16.5,1.77,0.49
A053607576,19.7,6.9,11.67,15.5,1.79,0.29
A053607586,15.5,6.2,,16,0.94,0.6
A053608073,18.6,7.5,21.09,15.2,1.08,0.3
A053610544,25.8,8.4,11.36,15.5,1.57,0.38
A053610614,18.4,7.3,20.46,15.5,2.35,0.39
A053611080,29.8,8.6,26.58,15.5,,0.73
A053611854,24.1,8.2,13.34,16.4,2.09,0.63
A053611862,27.1,8.5,12.21,15.7,,0.75
A053612768,24.5,8,15.52,16.4,2.02,0.43
A053613021,23.8,7.5,21.04,14.1,1.41,0.39
A053614004,29.5,8.3,11.29,15.5,1.95,0.33
A053614010,18.5,7.6,15.01,15.1,0.94,0.37
A053615533,14.5,6.8,23.82,,1.59,0.51
A053615847,22.4,7.3,13.99,15.1,1.65,0.34
A053616020,23.7,8.5,12.16,,1.63,0.33
A053616035,21.3,6.8,14.95,14.7,2.27,0.39
A053616606,20.4,7.1,18.29,17.2,1.96,0.34
A053617622,15.7,6.9,23.2,16.8,1.25,0.41
A053617890,21.7,7.4,16.68,14.5,1.52,0.36
A053619006,24.6,7.6,15.84,17.4,1.5,0.37
A053619368,15.1,7.1,23.74,16.5,1.56,0.21
A053620586,24.7,8.1,18.62,,1.66,0.47
A053622311,24.2,7.7,13.25,15.4,1.61,0.4
A053622625,23.2,7.7,,14.9,2,0.47
A053622854,16,7,25.39,15.6,0.89,0.3
A053624045,28.8,8.5,,14.9,1.59,0.4
A053625123,26.5,8.5,23.98,15.7,1.35,
A053625512,15.7,6.9,16.79,15.3,2.7,0.39
A053625622,17.4,7.4,17.55,15.8,2.02,
A053625627,18.3,8.1,20.77,15.3,1.47,0.32
A053625841,24,7.8,13.18,15.7,2.18,0.47
A053627520,26.4,8.2,24.32,15.7,,
A053627600,26.7,7.7,,16.4,2.2,0.59
A053627847,24.1,7.7,15.28,15,1.53,0.46
A053627872,18.6,8.3,,14.5,1.17,0.44
A053628616,25.9,8.2,17.34,15.9,1.65,0.3
A053629514,22,7.4,25.13,15.9,,0.48
A053774578,20.4,7.5,17.5,15.4,1.89,0.4
A053776778,30.6,8.7,10,16.7,1.96,0.36
A053781297,15,7.7,14.17,,1.37,0.34
A053785895,15.7,7,18.43,15.6,1.6,0.45
A053786092,29,8.3,6.15,15.9,2.22,0.5
A053790005,25.5,7.4,13.43,16,1.81,0.5
A053791356,16.5,6.9,18.08,15,1.34,0.26
A053796333,26.1,7.4,15.64,15.5,1.99,0.41
A053798358,23.3,7.9,,15.1,1.88,0.37
A053802801,17.5,7.6,,,1.49,0.51
A053804113,24.5,7.7,11.96,16.1,0.98,0.29
A053811085,19.7,8.4,17.55,15.5,1.71,0.39
A053812366,17.6,7,,14.7,1.58,0.43
A054084284,14.6,7.5,15.58,15.6,1.41,0.45
A054090550,26.1,8.1,12.25,15.8,1.84,0.32
A054091270,23,7.7,,15.1,,
A062882537,23.2,8.2,14.98,,,
A062882785,18.1,7.5,,15,1.66,0.32
A062882891,29.3,8.3,10.68,16.4,1.76,0.31
A062884359,18.4,8,,14.9,1.1,0.25
A062893089,29.6,8.5,7,15.1,2.71,
A063001812,27.8,8.6,11.15,15.6,2.15,
A063003538,15.4,6.5,11.9,15,0.94,0.31
A063004568,18.3,8.1,,,0.86,0.25
A063004820,27.6,8.2,13.62,16,1.46,0.79
A063004831,21.2,7.9,12.37,,1.85,0.57
A063007024,24.9,8.7,16.05,15.3,1.6,0.24
A063007072,25,7.5,,14.9,2.25,0.6
A063009019,20.3,7.7,29.02,15.8,1.53,0.29
A063009115,28.2,8.2,17.56,15.9,1.49,0.22
A063010041,24.5,7.6,19.11,15.5,1.84,
A063011268,22.2,7.1,16.53,15.6,1.33,
A063012272,25.1,6.1,17.88,16.4,1.67,0.29
A063014029,16.4,6.6,21.49,16.4,0.89,0.46
A063119082,23.8,8.3,18.44,,1.72,0.47
A063119632,19.8,7.8,10.83,15.6,0.86,0.44
A063120277,20,8,16.15,15.3,1.18,0.38
A063120574,19.2,8.2,17.05,15.9,1.13,0.27
A063124801,19.2,7.5,16.72,15.5,1.17,0.37
A063126608,16.8,7.2,16.95,,,
A063127584,25.2,8.1,11.13,,1.78,0.57
A063259066,28.6,8.5,13.99,16.3,1.44,0.43
A063259583,19.1,7.6,14.74,17.1,1.1,0.31
A063259874,22.1,6.2,,14.8,2.14,0.41
A063260315,25.4,7.9,7.54,16,,0.56
A063261299,21.1,6.7,16.13,15.8,1.61,0.27
A063261563,19.2,7.8,10.05,15.3,1.34,0.28
A063263078,24.3,7.7,26.4,15.3,2.21,0.44
A063263382,21.8,7.2,20.07,15.6,,
A063264860,15.8,6.5,19.81,16.1,1.09,0.51
A063265108,25,8.2,8.96,15.9,1.81,0.63
A063265806,25,8.1,14.07,15.6,2.36,
A063265847,26.8,7.7,13.23,,2.05,0.47
A063266615,21.8,8.5,16.16,15.3,1.92,0.54
A063266797,22.9,8,20.58,16.1,0.57,0.7
A063267036,28.8,8.3,16.84,15.6,,0.37
A063267846,30.1,8.5,18.79,16.9,1.58,0.28
A063268335,29.6,8.8,11.68,16.7,2.01,0.4
A063268860,24.7,7.9,9.24,16.5,0.93,0.25
A063269056,20.8,7.8,9.62,16.4,1.6,0.35
A063269306,32.2,8,7.07,16.1,1.83,0.41
A063270100,22.1,8.1,20.36,,,0.64
A063271372,30.7,8.2,16.22,15.5,2.18,0.35
A063272043,18.1,6.8,13.55,16.1,1.01,0.39
A063272099,17.1,7.7,8.96,15.8,1.12,0.37
A063310029,20.9,7.2,18.57,,0.94,0.23
A063311623,25.1,7.5,13.58,15.7,1.3,0.38
A063312102,17.2,7.1,14.27,16,,
A063312867,18,7.1,20.89,16.1,,0.46
A063336815,22.2,7.3,21.44,16.5,1.15,0.41
A063338541,28.8,7.6,10.83,14.6,2.2,0.55
A063338625,21.8,7,14.66,16,2.52,0.58
A063339889,15.8,7.3,17.01,15.6,,
A063341535,25.5,7.5,16.38,16,1.33,0.27
A063342341,18.8,8,25.18,,1.05,0.37
A063342593,20.6,7.9,20.43,,0.9,0.18
A063344541,25,7.1,16.82,15.5,,0.54
A063345052,25,7.5,,15.9,1.7,0.33
A063345573,17.5,8,12.4,15.6,1.22,0.26
A063345585,17,7.2,14.46,15.7,1.25,0.43
A063345605,17.1,7,16.05,,0.52,0.36
A063345789,16.3,7.1,20.29,,,
A063346080,25.1,7.2,28.09,15.2,2.23,0.52
A063347541,18.9,8,16.32,,1.82,0.37
A063347594,26.4,7.7,15.5,15.8,2.24,0.5
A063349069,22.4,8,23.41,15.7,1.88,0.41
A063350017,28.1,7.6,21.85,14.9,,0.79
A063350277,22,7.9,,,1.76,0.36
A063350378,30.7,8.3,10.39,,1.63,0.33
A063350516,17.5,7.5,16.44,15.7,,
A063355515,25.4,8,22.46,14.8,2.08,0.46
A063355573,21.3,7.9,9.99,,1.26,0.3
A063356301,27,7.3,7.61,15.2,1.57,0.3
A063357294,18.8,7.6,25.09,15,1.66,0.33
A063357298,19.9,7.4,15.91,15.2,1.42,0.4
A063357846,28.8,8,,,1.42,0.64
A063359003,28.3,7.1,5.34,16,1.56,0.49
A063360058,20.8,7.3,9.43,16.2,1.37,0.22
A063360567,22.1,7.8,17.96,,1.48,0.35
A063360630,15.9,7,13.73,16.1,0.93,0.24
A063361558,18.2,7.7,14.09,,1.6,0.34
A063361614,24.9,7.9,,15.2,1.82,0.4
A063362018,18.9,7.5,22.69,15.6,1.38,0.45
A063362599,22.3,7.3,6.34,15.9,1.71,0.3
A063362614,27.7,8.1,19.62,15.8,2.97,0.45
A063365378,23.5,8.6,17.89,15.3,1.83,0.28
A063367095,21.4,8.7,18.55,,1.23,0.39
A063367282,19.6,8.1,16.68,,0.86,0.3
A063368083,18,6.6,10.89,15.6,1.16,0.42
A063368573,16.3,6.9,,15.5,1.65,0.45
A063368577,18.9,8,12.19,,1.36,0.27
A063369287,30.8,8,18.15,16,2.83,0.67
A063369578,18.6,7.8,20.47,15.8,1.75,0.45
A063369834,24.9,8.2,,15.1,2.02,0.34
A063370794,19.3,7.8,28.22,15.8,1.33,0.52
A063371075,25.6,8.7,23.5,,1.99,0.44
A063371349,25,7.9,18.99,16.6,1.39,0.27
A063371614,18.1,7.6,18.32,16.1,1.3,0.24
A063372587,19.2,6.9,8.91,15.1,0.86,0.21
A063373769,23.6,8,13.28,15.6,1.44,0.18
A063374271,16.7,6.7,10.24,16.1,0.18,
A063374804,17.4,7.4,15.48,15.8,1.09,0.32
A063375363,20.4,7,10.92,16.6,1.41,0.33
A063375825,18.3,7.1,11.64,,1.35,0.3
A063375850,19.1,6.8,,14.9,1.28,0.48
A063377119,31.5,8.5,15.46,16.5,1.93,0.42
A063377257,24.2,7,15.66,15.8,,0.36
A063378534,18.3,7.3,14.1,14.8,1.05,0.62
A063379048,16.4,7,11.81,16.7,1.04,0.33
A063379267,26.5,8.5,16.2,15.8,2.23,0.72
A063379804,19,6.9,11.92,16.2,,0.32
A063380380,24,8,14.91,16,2.19,0.41
A063381020,18.1,6.6,22.28,15.9,1.1,0.32
A063381303,22.7,7.6,18.65,15,1.53,0.31
A063382285,21.3,7,17.98,,0.77,0.25
A063382564,19.3,7.5,12.73,15.7,1.34,0.44
A063383006,19.9,7.8,13.63,15.5,1.29,0.34
A063383025,29,8.3,6.87,15.9,2.04,0.48
A063383513,18.5,7,18.14,15.6,1.2,0.29
A063383622,20.7,8.4,14.97,16.3,0.91,0.24
A063383811,23.2,7.9,21.62,,1.75,0.53
A063512847,18.4,7.3,13.63,14.8,1.26,0.29
A063514006,25,7.2,,14.9,1.72,0.5
A063514300,17.5,7.2,17.62,16,,
A063515074,21.9,8,15.17,,1.52,0.38
A063516577,25.9,7.6,23.41,15.9,,
A063516780,26.4,8.9,23.26,15.6,2.03,0.49
A063519591,17.4,7.9,15.89,,0.91,0.28
A063521602,30,7.4,13.12,,2.34,0.38
A063521788,21,7.2,,16,1.04,0.43
A063521838,26.7,7.6,18.67,15.6,1.67,0.35
A063522330,28.2,7.8,22.75,15.7,1.33,0.51
A063522546,20.7,7,17.95,15.9,2.3,0.49
A063522597,15.8,6.4,16.99,15.1,1.12,0.39
A063523258,24.5,7.9,19.13,14.6,1.89,0.6
A063523330,16.8,7.2,,16.1,1.18,0.34
A063523616,22.7,6.7,11.37,16.3,1.52,0.19
A063524613,19.3,7.6,25.18,15.6,1.36,0.26
A063525626,18.4,8,8.26,15.5,1.09,0.43
A063526548,16.6,7.1,22.29,15.8,,
A063526602,28.4,8.2,15.3,15.7,1.66,0.41
A063527798,20.2,8.4,19.46,,0.92,0.3
A063527856,21.8,6.4,10.66,15.2,1.96,0.43
A063528111,28.2,8.4,6.79,15.2,1.71,0.5
A063529600,17.9,6.5,7.54,15.1,1.18,0.47
A063531029,27.1,7.9,10.89,15.6,1.92,0.44
A063531580,22.1,8,17.66,,1.57,0.61
A063532060,25.1,7.7,11.83,15.8,1.05,0.31
A063534369,26.7,8.1,11.43,14.7,1.91,0.46
A063534561,20.2,7,26.6,15.2,1.87,
A063535101,23.9,8.6,11.06,,1.9,0.58
A063536564,17,7.9,12.85,14.9,1.98,0.38
A063537072,22.5,6.8,13.94,16.1,1.35,0.22
A063538058,18.9,6.6,,16.5,0.85,0.29
A063538364,17,6.9,11.3,15.9,1.4,0.55
A063538623,19.2,8,9.03,16.1,1.29,0.43
A063540827,30.3,7.8,9.08,15,1.75,0.48
A063541024,19.7,8.5,22.5,,0.73,0.52
A063541051,25.8,8.3,15.1,15.9,1.87,0.68
A063541614,22.6,8,18.52,16,1.14,0.34
A063541831,24.4,7.1,13.18,,2.11,0.27
A063543090,22.4,7.9,17.82,16.3,1.52,0.47
A063543622,24.1,7,30.9,15.4,2.14,0.42
A063544780,30,7.7,16.04,15.6,1.77,
A063545009,19.2,7.2,10.7,16.5,1.23,
A063545824,28,8.4,16.99,15.1,1.74,0.54
A063546518,16.3,7.4,8.29,15.4,,
A063546566,25.5,7,22.2,,2.1,0.65
A063546872,26,8.7,,15.1,1.72,0.42
A063548317,25.8,8.5,18.27,16.8,1.88,0.26
A063549863,25.4,7.3,19.17,16.2,1.41,0.5
A063550874,19.4,7.8,9.39,15.1,1.13,0.35
A063551076,24.9,7.6,15.29,15.6,1.84,0.45
A063551096,28.1,8.3,18.54,15.9,1.01,0.72
A063551337,20,7.1,12.2,15.1,1.63,0.6
A063551369,25.9,7.5,15.68,15.8,1.71,0.51
A063551600,26.2,8.4,18.73,16.2,1.27,0.49
A063553007,24.8,8.3,22.36,16.1,1.85,0.39
A063553009,20.8,7.9,20.93,15.7,2.08,0.47
A063554022,23.1,8.4,14.46,,1.75,0.35
A063554583,18.7,7.7,10.93,16.9,0.9,0.31
A063555126,19.3,8.3,10.75,15.9,,0.31
A063555877,25.4,8.1,12.85,15.1,1.85,0.34
A063556563,28.1,8.2,23.26,15.2,1.74,0.38
A063557365,15.1,6,26.74,16,1.01,0.33
A063557573,20.2,7,11.96,15.9,,
A063557808,23.9,7.6,18.71,14.9,2.53,0.58
A063567352,18.3,7.6,15.75,14.4,1.31,0.35
A063568001,26.9,8.8,,15.7,1.6,0.35
A063569370,20.4,6.8,9.48,16.5,1.31,0.39
A063570285,26.2,7.9,15.72,15.6,1.72,0.25
A063571569,29.5,8.8,10.15,15.5,1.54,0.44
A063571604,28.6,8.2,12.33,15.7,1.94,0.39
A063572073,21.9,8.2,7.76,15.5,1.07,0.48
A063572633,19.1,8.2,20.5,16.6,1.1,0.49
A063573313,17,6.6,21,16,1.08,0.5
A063573555,31,7.8,18.99,15.5,,0.38
A063575272,24.7,8.9,27.05,16.4,1.6,0.69
A063575342,17.6,6.5,16.36,14.5,,
A063575518,28.2,8.4,12.54,15.4,2.22,0.56
A063575829,25.3,8.4,17.37,16.6,1.31,0.78
A063576534,26.4,8.3,,15.9,1.4,0.44
A063577627,18,7.1,16.76,16,1.2,0.41
A063578568,26.4,7.8,13.92,16,1.6,0.42
A063578615,23.5,7.2,17.8,15.9,1.75,0.43
A063578768,14.9,7.5,23.01,16.2,,
A063580838,16.2,8,19.6,16.2,1.06,0.28
A063583848,24.7,7.5,19.07,15.3,1.68,0.48
A063584892,25.1,8.1,17.95,16.1,,0.35
A063599376,25.3,7.9,22.42,16.6,2.69,0.49
A063600005,17.4,6.4,26.39,15,1.28,0.47
A063602575,19.9,7.8,15.3,15.7,1.19,0.4
A063604338,17.6,7.1,14.77,14.9,1.19,0.38
A063604368,17.9,7.2,22.85,15.9,0.93,0.38
A063604629,18.7,7.5,13.78,15.6,1.22,0.56
A063604816,25,7.5,7.13,16.2,1.69,0.41
A063604845,15.6,7.6,21.35,14.3,0.91,0.44
A063605347,23.3,8,20.22,16.3,1.75,0.61
A063605367,18.8,7.4,18.43,15.5,1.16,0.57
A063608034,32.6,8,13.17,15.4,,0.47
A063608810,16.4,7,25.51,16.3,,
A063609043,19.4,7.8,13.93,15.2,0.81,0.61
A063609335,24.2,7.4,20.39,15.6,1.51,0.43
A063610105,24.5,8,15.67,16.1,,0.38
A063610310,27,7.5,,16.6,2.6,0.39
A063610516,24.6,7.7,16.66,16.8,1.17,0.35
A063610561,19,7.4,11.01,15,1.18,0.58
A063610617,25.6,7.3,11.74,15.5,1.82,0.33
A063611105,18.6,7.4,13.91,15.4,0.86,0.42
A063611117,18.3,6.3,14.82,15.7,1.14,0.31
A063611258,22,7.6,24.09,,2.46,0.43
A063611301,21.8,7.6,18.57,15.4,1.5,0.34
A063612068,21.4,7.4,22.57,15.3,1.92,0.28
A063612603,13.5,7,16.25,16.5,,
A063612773,22.3,7.4,20.68,16.3,2.04,0.43
A063613325,20,7.6,22.34,15.1,1.5,0.39
A063613839,24.7,8.1,8.66,15.8,,0.44
A063614105,19,7.9,13.56,14.6,,0.31
A063614623,22.8,7.8,14.76,16.5,1.48,0.45
A063614772,18.7,7.3,15.57,16.4,0.79,0.48
A063615105,19.5,7.8,9.56,15.9,0.89,0.46
A063615826,23.9,7.9,18.79,16.3,,0.36
A063618351,17.9,7.2,,15.2,1.66,0.51
A063618834,28.2,7.9,15.86,,,
A063619116,23.2,7.2,,15.8,1.45,0.59
A063619274,23.1,7.9,21.35,16.5,,0.57
A063619860,25.4,7.3,,14.9,2.06,0.36
A063621256,27.3,7.7,8.96,15.6,1.75,0.49
A063621336,24.1,7.8,24.16,16.1,1.4,0.53
A063622326,17.4,7.6,15.71,15.8,1.14,0.28
A063623288,17.1,7.1,21.32,16.7,1.18,0.33
A063623891,22.4,7.7,10.17,16.1,1.6,0.5
A063625788,23.5,7.7,15.6,15.5,2.2,0.4
A063626582,26.3,8.2,16.9,16.4,,
A063629895,21.7,7.9,19.16,15.8,1.21,0.48
A063630303,23.4,8,14.97,16,1.9,0.36
A063630607,17.2,7.8,5.8,16.7,1.02,0.38
A063632089,26.8,7.8,17.23,17.2,1.55,0.4
A063632293,23.1,7,12.97,16.2,1.76,0.42
A063632875,25.4,7.9,5.61,15.6,1.98,0.45
A063634356,25.9,7.2,18.79,,1.29,0.29
A063635803,24.1,8.1,21.87,15.1,2.02,0.33
A063636061,26.1,7.5,,15.8,2.16,0.34
A063637123,23.9,7.3,17.8,16.1,1.66,0.38
A063638108,19,7.8,,15.9,1.62,0.46
A063768029,21,7.8,22.08,15.7,1.5,0.26
A063768269,20,7.8,,14.8,1.33,0.49
A063769277,23.9,8.1,22.45,15.1,1.45,0.28
A063770090,16.6,7.1,27.33,16,0.99,0.25
A063770277,21.3,8.2,15.64,16,1.09,0.51
A063771357,18.4,7.4,19.96,16,0.83,0.48
A063772262,19.9,7.5,12.14,15.5,1.31,0.24
A063772352,17.9,7.1,17.58,15.6,1.14,0.41
A063772894,24.6,8,12.89,16.1,1.27,0.29
A063773074,18.3,7.3,14.56,15.9,1.32,0.4
A063773299,19.5,7.2,,16.6,,
A063773367,24.4,8,19.84,16.3,,0.4
A063775561,18,7.9,12.39,16,1.35,0.44
A063775856,14.8,7,21.2,16.1,0.61,0.3
A063777011,16.4,6.4,20.99,15.5,0.67,0.47
A063777532,24.5,7.9,14.24,15.6,1.49,0.5
A063778259,19.8,7.4,9.35,16.4,,
A063779516,15.2,7.5,14.69,,0.98,0.35
A063779838,18.8,7.3,19.44,15.8,0.75,0.36
A063787304,30.1,7.9,15.69,15.5,2,0.44
A063788521,22.4,7.6,28.84,16.4,1.6,0.36
A063789566,17.2,7.8,20.12,14.9,1.51,0.63
A063789585,21.7,7,15.86,15.8,1.9,0.4
A063789782,18.7,7.5,20.67,16.2,1.24,0.39
A063790079,20.5,7.7,18.21,16,1.24,0.35
A063790268,23.7,7.4,12.19,16.1,1.41,0.35
A063790772,26.2,7.7,22.84,15.3,1.71,0.36
A063791068,22.3,7.4,16.56,16.6,,
A063792845,17.1,6.6,15.89,15.8,1.01,0.28
A063793601,25.5,8.1,12.64,15.7,1.65,0.46
A063795281,22,8.3,16.38,15.1,1.47,0.45
A063797783,18.9,8.2,18.87,15.8,0.86,0.41
A063798057,16,7.1,19.88,15.6,0.86,0.3
A063798078,18.3,7.8,27.71,14.7,1.65,0.32
A063798598,16.5,6.8,,14.4,0.93,0.23
A063800843,20.5,7.8,,15.8,0.93,0.33
A063801090,26.3,8.5,20.69,16,2.2,0.52
A063801554,24.5,8,10.05,15.7,1.57,0.63
A063802607,20.3,8,15.8,15.5,1.39,0.44
A063802835,25.2,7.9,15.67,15.7,2.35,0.48
A063802870,24.5,7.3,8.01,15.8,1.56,0.46
A063804009,18.6,7.1,14.7,15.9,1.23,0.25
A063804552,18,7.2,10.79,14.8,1.35,0.36
A063806359,23.5,7,12.89,15.7,1.82,0.19
A063808624,20.7,7.7,10.47,16.6,0.98,0.23
A063808790,24.1,7.9,11.59,16.9,0.95,0.54
A063810348,18.2,7.3,,16.7,0.73,0.49
A063811098,29.7,8,14.76,15.6,1.65,0.37
A063812098,16.5,7.2,26.85,16,0.86,0.3
A063813024,32.4,8.5,7.1,15.4,,0.28
A063813601,25.4,7.8,15.43,15.7,1.57,0.59
A063815560,26.3,7.5,19.75,15.9,1.45,0.32
A063816580,18.8,8,14.18,16.1,1.18,0.35
A063818533,22.7,7.5,13.13,16.7,1.27,0.29
A063820535,18.9,7.5,21.33,16.2,0.96,0.35
A063820626,29.7,8.7,8.83,15.8,1.31,0.64
A063820850,22.5,7.8,,15.3,1.02,0.29
A063821291,19,7.4,14.32,14.9,0.97,0.49
A063822811,29.3,8.6,17.56,15.8,1.83,0.32
A063823314,17.9,6.3,19.94,15.4,1,0.32
A063823801,15.4,7.2,12.76,16.4,,0.3
A063823828,25,7.7,11.73,16,2.61,0.46
A063825775,19.2,7.3,14.79,17,1.11,0.3
A063832352,16.7,7.6,11.87,16.1,1.08,0.43
A063832587,25,7.3,,15.6,1.81,0.45
A063832617,18.7,7.5,16.03,15.9,0.8,0.33
A063832855,26.2,8.1,15.31,15.8,,0.45
A063834324,23.7,7.7,,15.9,1.02,0.34
A063835873,14.8,7.4,14.71,,0.77,0.44
A063836639,20.5,7.9,10.72,15.6,1.25,0.51
A063837274,26.6,7,17.44,,1.59,0.33
A063837530,26.4,8.4,16.85,15.9,1.28,0.39
A063837548,27.5,8.2,7.79,,1.68,0.46
A063837833,28.8,7.8,12.18,15.8,1.78,0.49
A063838121,18.6,7.4,19.76,16.5,1.28,0.61
A063838593,29.9,7.6,8.53,15.5,,0.34
A063839061,23.4,8.5,14.61,15.4,,0.4
A063842319,27.7,8.1,8.8,15.4,1.88,0.56
A063842855,25.3,8,21.31,14.8,1.36,0.26
A063844091,18.8,7.7,11.67,15.8,1.29,0.28
A063847121,25.1,7.8,24.66,16.6,1.16,0.26
A063852837,17.8,7.3,,17,0.83,0.27
A063853635,23.1,7.9,13.35,15.7,1.64,0.41
A063854023,26.9,6.8,,15.5,1.88,0.3
A063855321,24.4,7.9,14.22,15.7,,0.7
A063855559,19.4,7.6,16.26,15.9,1.29,0.49
A063855575,16.7,7.3,20.06,15.8,1.09,0.28
A063855885,16.7,7.7,17.07,15.9,1.52,0.43
A063856573,29.1,8.4,,15.8,2.45,0.44
A063857039,20.3,8,12.75,16.7,1.72,0.42
A063858113,20.7,7.8,11.77,15.2,1.95,0.63
A063859291,31.3,7.7,,15.4,1.83,0.31
A063860035,24.4,7.7,19.11,16,1.73,0.43
A063860051,24.2,6.3,25.82,15.7,1.57,0.27
A063860103,16.6,7.3,14.7,16.6,0.83,0.32
A063860589,20.6,7.6,27.97,15.9,1.01,0.41
A063860779,18.4,7.4,,15.7,1.31,0.44
A063861561,28.8,8.4,12.29,15.4,1.81,0.59
A063861603,23,7.8,,15.9,1.17,0.26
A063861871,19.6,7.9,,15.4,1.18,0.36
A063864876,19.2,7.4,17.07,15.2,1.08,0.46
A063865861,23.2,7.7,16.87,14.9,2.18,0.36
A063866069,25.8,8.4,14.18,15.7,1.82,0.4
A063867312,18.2,7.6,18.46,16.4,1.49,0.43
A063867785,30.7,8.9,11.37,15.6,1.78,0.36
A063870525,18.5,7.5,,15.6,1.21,0.55
A063871632,20.6,7.3,17.4,15.7,1.07,0.2
A063873017,29.1,9.1,,15.5,2.3,0.33
A063873529,26.6,8.1,15.34,16.1,1.63,0.38
A063875112,26.8,8,10,15.8,1.42,0.46
A063876111,18,6.7,16.73,15.3,,0.75
A063878032,22.1,8,26.61,15.6,2.52,0.51
A063878111,17.2,7.4,13.22,16.3,0.78,0.46
A063878863,19.1,8,17.66,15.7,1.1,0.44
A063882361,27.9,8.8,,15.7,2.63,0.36
A063883335,21.4,8,16.31,15.8,1.23,0.39
A063885881,18.4,7,15.65,,1.12,0.44
A063888055,21,7.7,10.34,15.2,1.89,0.42
A063888574,23.9,7.4,19.97,15.4,1.79,0.44
A063888627,25.9,7.4,27.85,15.9,1.68,0.75
A063892352,22.9,7.9,18.78,15,1.49,0.34
A063892782,16.8,6.7,22.97,16,1.11,0.36
A063893087,23.6,7.3,22.53,16.3,,0.42
A063893371,18.2,8,14.63,15.8,1.32,0.55
A063894836,19.8,7.7,22.02,15.9,,0.42
A063894847,23.1,7.9,22.34,15.8,1.6,0.36
A063895000,21.8,7,24.39,14.9,1.17,0.2
A063895344,20.7,6.9,20.23,,1.25,0.4
A063895878,16.8,7.9,17.3,17.1,,
A064000044,19.5,8.5,24.4,14.6,1.08,0.4
A064001839,28.7,8.5,10.26,15.4,1.53,0.53
A064002882,17.3,7.2,11.49,15.5,,
A064002891,25.3,7.8,13.44,15.3,2.21,0.52
A064003018,23.7,7.8,15.18,15.3,1.21,0.71
A064003520,14.7,7,21.76,15.6,0.79,0.46
A064003628,25.7,8.1,10.33,16.1,3.04,0.52
A064004534,25.9,7.9,15.68,15.6,1.49,0.55
A064005323,17.7,8.1,12.29,15.5,,
A064005775,27.5,8.2,15.23,16,1.42,0.21
A064008513,22.3,7.5,22.03,,,0.44
A064009012,23.7,7.2,18.58,16.1,1.55,0.35
A064010088,19.6,7.2,10.53,15.8,1.03,0.3
A064010366,25.3,8.3,13.29,15.1,2.13,0.48
A064010381,26.4,7.1,16.02,15.1,1.24,0.47
A064011272,26.1,8.2,12.98,15.4,1.64,0.42
A064011604,25,7.9,17.44,15,1.09,0.33
A064012291,29.5,7.5,10.48,15.1,1.76,0.33
A064014380,24.6,7.5,11.28,15.8,2.92,0.57
A064014880,26,8.3,20.64,15.5,1.34,0.48
A064015058,25.7,7.5,,16.1,1.58,0.59
A064017019,23.9,7.8,13.37,16.4,1.44,0.3
A064017081,19.2,7.5,18.17,15.6,0.83,0.26
A064017595,21.3,7.8,18.69,15.6,1.83,0.52
A064017802,17.6,7.6,21.11,15.5,1.48,0.38
A064018072,20.5,7.5,19.3,,1.48,0.54
A064018597,21.5,6.3,21.72,15.8,1.47,0.34
A064018792,23.7,8.2,19.21,14.9,1.1,0.44
A064018793,22.1,7.8,11.8,15.4,1.22,0.42
A064018874,20.6,7.5,17.55,15,1.59,0.44
A064019568,24.8,7.7,26.6,,1.33,0.55
A064020024,27.3,7.2,17.94,16.4,,0.36
A064020036,21.5,8,18.19,15.4,,0.31
A064021513,24,6.9,24.99,16.5,1.98,0.36
A064021838,19,8.1,17.34,15.2,1.23,0.41
A064021862,17,7.1,9.17,16.6,,
A064022833,29.2,8.5,13.49,15.2,1.24,0.46
A064026354,18.8,7.1,,15.5,1,0.42
A064027312,17.3,7.8,,15.4,1.17,0.49
A064028336,18.8,7.1,12.18,15.4,0.83,0.41
A064028563,17.1,7.5,22.99,15.5,0.84,0.58
A064029073,25.4,8.3,26.21,15.6,0.22,
A064030599,18.9,7.6,18.06,15.6,1.62,0.58
A064032010,19.3,7.6,14.62,15.6,0.95,0.31
A064032352,17.8,7.7,26.63,15.9,1.04,0.37
A064033059,21.8,7.4,12.66,16.2,,
A064033524,22.2,7,16.99,17.3,1.45,0.29
A064033626,28.1,8.1,18.86,,2.17,0.38
A064034866,22.8,8.4,14.94,15.3,1.48,0.36
A064034869,27.6,8.9,17.97,15.2,2.02,0.32
A064035552,15.8,6.6,13.65,15.9,,
A064035829,30.7,7.4,8.2,16.2,2.1,0.45
A064036005,15.4,6.2,18.79,15.9,0.65,0.46
A064036871,21.5,6.8,8.6,15.1,2.41,
A064036879,18,6.8,16.98,16.7,0.93,0.32
A064037307,22.8,8.3,22.74,16.4,2.63,0.43
A064038096,22,6.7,26.11,15.2,1.19,0.47
A064038309,24.9,7.7,17.5,14.8,1.18,0.65
A064038554,23.8,7.6,14.69,15.9,1.99,0.38
A064038874,19,7.5,18.73,16.3,1.97,0.44
A064039256,17.7,8.2,16.97,16.2,1.82,0.57
A064040310,21.2,8,,16.5,1.25,0.33
A064040516,27.1,8.1,18.63,15.8,1.68,0.51
A064041360,23.8,8.6,,17,1.73,0.29
A064041528,18.3,7.1,21,15.3,1.26,0.42
A064041587,20.7,6.9,16.59,15.6,1.22,0.47
A064041634,19,7.7,13.76,16,1.58,0.31
A064043066,18.1,6.4,28.08,16.1,1.3,0.34
A064043531,18.8,7.9,17.49,16,1.84,0.48
A064043567,19.1,7.8,,16.2,0.95,0.44
A064043842,15,7.2,20.84,16,0.56,0.48
A064044576,16.8,7.2,,16.2,1.13,0.24
A064045267,26.3,8.5,19.68,15.2,1.82,0.33
A064048791,22.8,8,15.11,16.4,,
A064048817,21.7,7.2,19.16,15.9,2.02,0.42
A064048875,17.1,6.4,16.38,16.1,0.95,0.3
A064049287,16,6.8,14.36,16.4,,0.24
A064049623,30.5,8,15.59,15.9,1.96,0.4
A064049795,16.2,7.3,14.4,16.1,1.12,0.37
A064050282,16.3,7.8,10.25,16,1.32,0.4
A064051078,22.5,7.8,13.27,15.2,1.79,0.46
A064052345,19.7,6.9,14.23,14.8,1.59,0.53
A064052862,17.4,8.3,,16,,
A064054321,24.2,8.3,21.31,15.2,1.56,0.46
A064055293,25.8,7.9,10.87,15.3,2.66,0.63
A064056094,17.9,7.8,15.09,16,1.53,0.37
A064056577,22.7,8.3,12.91,16.3,1.5,0.44
A064058052,24.9,7,12.62,16.4,1.45,0.28
A064058582,21.6,8,15.73,15.4,1.43,0.29
A064060121,20.5,7.8,,16.5,1.17,0.42
A064060295,20.1,6.3,14.3,16.3,1.58,0.27
A064060327,29,8.3,6.57,15.2,2.31,0.61
A064060854,19.7,8,13.26,15.5,1.67,0.41
A064061014,24.6,7.9,14.79,16.4,1.44,0.37
A064061349,23.1,7.8,14.4,15.7,2.36,0.5
A064063035,29.3,7.5,,15.6,1.91,0.44
A064063789,26.2,7.8,,15.4,,0.46
A064063846,22.4,7.3,23.36,15.8,2.09,0.32
A064064260,18.5,7,7.78,15.3,1.35,0.34
A064064564,25.9,8,8.15,15.7,1.72,0.32
A064065775,16.8,7,18.3,15.8,0.78,
A064066630,23.1,7.9,21.05,15.3,1.67,0.31
A064069120,18.6,7.9,15.44,15.6,1.03,0.44
A064069267,17.3,7.5,24.95,15.6,1.09,0.35
A064071530,25.9,8.9,13.17,16,1.9,0.81
A064075846,23.6,7,15.24,15.2,1.55,0.44
A064076342,27.8,8.5,12.18,15.6,1.31,0.5
A064076804,28,8.2,22.05,16.8,1.86,0.4
A064077266,27.4,8.2,10.69,15.3,2,0.29
A064078810,22.6,6.8,19.59,16.1,1.14,0.25
A064078828,20.3,8,,15.8,1.4,0.41
A064079095,19.6,8,12.41,15.7,,0.46
A064079264,19.2,7.7,13.84,15.4,1.51,0.4
A064079620,30,8.5,13.03,15.8,2.7,0.75
A064080080,26.6,7.6,16.14,16.1,1.36,0.32
A064080116,18.8,7.7,12.16,14.7,0.94,0.33
A064082263,18.1,7.9,13.22,16.5,0.93,0.38
A064082565,22,7.9,18.3,15.4,1.69,0.2
A064083035,17.5,7.6,16.33,16.2,0.96,0.24
A064083040,18.5,7.3,20.44,14.9,0.72,0.36
A064083527,16.8,8.5,14.6,16.2,1.38,0.51
A064086019,25.3,7.4,18.99,14.8,2.29,0.63
A064086340,19.1,6.6,,16,1.4,0.32
A064086849,25.6,7.9,14.38,15.2,1.5,0.32
A064087000,27.8,8.8,22.37,16,1.67,0.41
A064087605,23,7.5,11.5,15.5,1.74,0.28
A064087615,27.4,8,15.18,15.4,2.03,0.48
A064087792,25.7,7.5,15.47,15.7,2.31,0.63
A064087887,16.6,7.2,19.58,,1.23,0.35
A064088625,22.5,7.6,28.49,15.5,1.6,0.47
A064089073,26.1,7.2,17.93,16.1,1.46,0.47
A064090082,28.1,8.9,,15.6,2.24,0.44
A064091372,28.6,7.1,,15.4,2.12,0.5
A064091789,16,7,21.56,15.2,1.21,0.3
A064091868,16.1,6.5,11.48,16.2,1.68,0.32
A064092094,26,8.1,,16.3,2.56,
A064092602,26.3,7.2,17.05,16.5,1.84,0.41
A064092816,28.9,7.8,10.83,15.5,1.85,0.34
A064093317,25.1,8.1,21.75,16.3,1.3,0.31
A064093534,23.1,7.6,18.18,16,1.43,0.34
A064093789,19.5,7.7,13.02,16.9,1.12,0.28
A064095000,17.4,7.5,18.48,16.1,0.64,0.44
A064095813,29.8,8.9,13.18,15.8,1.7,0.56
A064096096,19.4,8,18.97,15.9,1.06,0.37
A064096308,34.4,9.3,6.87,15.5,2.29,0.44
A064096588,18,7.9,25.93,15.1,1.2,0.36
A064096779,26.3,7.6,,16.6,2.04,0.55
A064096847,21.1,8.1,17.43,16.1,,0.58
A064097296,16.8,7.7,12.04,16.4,0.91,0.59
A064097308,21.9,8.2,,15,0.88,0.42
A064098032,19.6,8.1,,16.3,1.13,
A064098105,24.6,8.4,21.18,14.5,2.44,0.31
A064099635,19.2,7.9,,16,1.61,0.46
A064099868,17.7,7.6,12.85,16.1,1.17,0.32
A064100034,23.7,7.7,15.66,15.5,2.44,0.41
A064100052,20.6,7.8,19.75,17.1,1.21,0.4
A064270063,19.4,6.9,16.17,16.1,1.39,0.31
A064537581,25.8,8.5,21.23,15.9,1.73,0.54
A064575795,17.9,7.3,,16.6,1.23,0.46
A064610602,24.7,8.2,25.32,,1.96,0.44
A064768831,20.4,7.1,20.06,,1.2,0.56
A066785298,24.1,7.5,7.36,16.3,1.4,0.45
A066785804,23.9,8,,16.4,0.84,0.34
A066785836,20,6.9,10.99,16,2.1,0.36
A066786115,19,8.6,14.84,,1.48,0.67
A066786789,26.5,7.6,,,2.55,0.71
A066789044,21.1,7.5,7.92,15.6,1.38,0.37
A066789843,18.6,6.9,14.43,14.8,1.51,0.34
A066790024,23,7.2,,16.1,2,0.4
A066790098,25.3,7.6,,16.5,1.75,0.38
A066790264,24.7,7,,15.2,,0.63
A066790379,19.8,6.8,19.85,,1.18,0.37
A066790801,15.7,7.1,30.04,17,0.98,0.42
A066791380,20.7,7.7,17.53,15.2,1.03,0.32
A066791575,25.6,7.5,15.76,15.9,2.09,0.61
A066792340,22.6,7.6,22.71,16,1.14,0.36
A066792597,16.1,7.3,10.04,15.7,1.44,0.45
A066794637,18.1,7.4,12.3,16.1,1.51,0.36
A066800554,22.3,7.1,18.73,15.7,1.46,0.43
A066801016,16.9,7.1,20.12,15.3,,0.35
A066801375,20.5,7,17.72,17.1,1.35,0.26
A066803325,19.8,7.9,11.05,15.7,0.98,0.34
A066805368,18.2,7.9,10.81,16.4,1.17,0.47
A066806793,20.4,7.4,10.36,15.1,1.52,0.32
A066807536,21.7,8.1,15.26,15.9,1.21,0.49
A066807555,26,7.1,19.89,16.1,2.48,0.41
A066808025,24.9,7.9,17.51,16.1,2.05,0.46
A066808110,22.9,6.7,,16,2.17,0.28
A066809045,16.8,7.2,,16.6,1.01,0.42
A066809562,21.8,7.3,19.51,,1.53,0.41
A066809799,18.2,7.7,12.75,15.9,,0.37
A066814105,23.6,8.3,10.44,15.6,2.02,0.58
A066817813,15.9,7,11.26,16.1,1.08,0.28
A066817873,25.6,6.9,,15.9,2.59,0.43
A066818853,18.9,8,14.9,15.9,1.25,0.39
A066819046,23.9,7.7,,16.2,1.56,0.43
A066819768,19,7.5,12.22,16.2,1.35,0.46
A066820593,18.6,7.2,4.73,16.3,1.06,0.47
A066821828,23.2,6.9,,15.8,1.33,0.42
A066822063,23.9,7.5,19.08,15.8,1.96,0.43
A066822099,25,7.4,16.42,15.9,2.06,0.38
A066822351,20.2,6.2,17.7,16.2,1,0.26
A066822355,22.6,7.9,22.33,16.8,1.44,0.47
A066824834,32,6.9,,15.8,2.46,0.46
A066825380,18.4,7.8,14.59,16.2,1.22,0.52
A066828799,22,7.2,15.98,16.6,1.54,0.39
A066837307,18.9,7.5,18.63,15.9,1.45,0.45
A066837877,26.3,7.9,17.29,16,,0.39
A066840813,27.2,8.2,,15,2.29,0.49
A066841537,19.1,7,10.93,15.9,1.29,0.29
A066844305,24.6,6.8,,15.7,2.92,0.61
A066846295,24.8,7.3,,17.1,1.44,0.23
A066851355,23,7.4,16.57,16.2,1.34,0.56
A066851796,26.1,8.3,10.39,15.9,1.62,0.53
A066852564,17.3,7.1,12.01,16.1,0.94,0.4
A066853001,17.8,7.5,17.85,16,0.99,0.3
A066853355,23.8,6.8,22.87,16,1.59,0.31
A066853855,23.1,7.1,11.97,15.2,1.72,0.37
A066853869,27.6,7.9,16.13,16.3,1.57,0.44
A066856049,19.7,7.6,17.63,16.1,0.95,0.38
A066856381,15.8,6.7,19.71,16.1,0.83,0.2
A066857770,21.1,6.8,20.58,15.6,1.66,0.3
A066859097,17.5,7,11.35,15.1,1.16,0.49
A066859275,23.1,7.3,6.31,16.2,1.35,0.44
A066860531,24.5,8.3,17.52,15.7,2.13,0.29
A066860558,20.6,8.2,20.95,16.4,1.54,0.68
A066860873,17.8,7.4,,15.9,1.09,0.32
A066861069,18.2,7.1,16.37,15.4,1.17,0.32
A066861843,24.6,6.9,15.24,16.5,1.47,0.37
A066862073,26.6,8.4,18.88,16.6,1.45,0.31
A066862514,20.3,8,,16.7,0.99,0.39
A066867291,27.1,8,14.44,15.5,2,0.54
A066868872,26.9,8.1,,15.7,1.89,0.27
A066871358,22,7.4,17.3,15.8,2.16,0.52
A066871529,19.1,7.3,14.55,16.3,1.01,0.35
A066872103,20.8,7.4,5.22,16.3,1.12,0.45
A066872821,17.3,7.7,,16,0.96,0.3
A066873093,24.6,7.5,24.08,15.3,1.9,
A066880257,19.7,8.3,13.44,16,1.54,0.44
A066881888,18.4,7.9,13.74,17.3,,0.51
A066882048,17.7,7,20.8,15.6,0.55,0.26
A066882524,28.1,8,17.14,16.5,1.75,0.49
A066885108,16.5,7.6,12.93,16.5,0.79,0.23
A066886537,19.3,7.9,24.68,,1.57,0.56
A066886589,19.1,7.2,17.35,15.6,1.62,0.48
A066886776,17.1,7,17.01,15.7,0.24,
A066887568,19.3,6.9,18.77,15,1.28,0.38
A066887872,19.4,8,18.74,,1.19,0.72
A066888090,24.9,8.4,,15.9,1.66,0.36
A066889358,25,7.9,,16.4,2.84,0.52
A066889543,22.8,7,16.93,,1.37,0.26
A066889855,20.7,7.4,15.47,15.7,1.72,0.4
A066890083,19.9,7.6,17.51,15.7,1.33,0.33
A066891006,17.4,7.6,8.6,15.5,1.24,0.4
A066891127,23.9,7.4,19.41,16.8,1.47,0.39
A066891298,23.1,7.7,10.45,15.8,1.28,
A066891579,20,8,14.31,15.7,1.23,0.24
A066891591,18.2,7,22.98,15.8,1.17,0.35
A066892091,19.3,7.4,,16.2,1.08,0.61
A066892518,24.4,7.7,14.93,16.6,1.8,0.35
A066892533,19,6.4,14.17,15.5,1.04,0.33
A066892790,25.1,7.5,18.41,16.3,1.47,0.55
A066893123,15.1,6.7,,16.1,1.58,0.49
A066893263,20.7,6.5,13.32,17.1,1.53,0.32
A066893338,22.9,7.8,,,1.38,0.28
A066893828,26.2,8.8,14.56,16.2,2.12,0.42
A066894353,23,6.8,10.78,16.7,1.45,0.4
A067001023,21.9,7.7,16.47,16.1,1.58,0.53
A067001120,27.7,7.8,5.72,16.1,2.04,0.36
A067001512,23.7,8,15.88,15.2,1.79,0.4
A067001514,25.3,7.5,18.35,16.4,1.74,0.62
A067005820,21.3,7.1,14.33,15.5,1.87,0.4
A067006527,20.9,7.8,26.92,15.2,1.45,0.32
A067007042,22.1,7.7,11.82,15.9,2.18,0.65
A067010543,25.9,7.2,14.9,15.6,1.6,0.46
A067011052,21.6,7.2,17.35,17.4,1.08,0.47
A067012124,27.8,8.5,14.83,16.8,2.56,0.41
A067012324,23.7,7.1,10.34,,1.34,0.28
A067012781,15.6,7.5,13.38,15.4,,
A067013857,17.6,7.7,21.91,15.5,,0.42
A067014002,23.5,7.2,14,15.9,1.74,0.34
A067014773,21.4,6.6,13.5,15.8,1.5,0.36
A067015784,14.9,7.7,13.53,17.1,0.88,0.23
A067017877,17.5,7.2,16.59,15.9,0.86,0.34
A067018569,26.4,8,12.49,15,1.78,0.4
A067018865,28.3,7.2,13.05,15.8,2.59,0.4
A067019015,22.4,7.3,21.39,15.3,2.68,0.61
A067019281,24.6,7.5,13.77,15.9,2.11,0.53
A067019627,16.9,7.3,14.75,16.7,1.5,0.46
A067019829,24.5,7.9,19.44,16.3,1.22,0.28
A067021522,26.7,8.3,,16.1,1.14,0.34
A067022872,17.7,7.4,15.95,15.8,0.58,0.57
A067023636,25.9,8.3,,15.4,1.5,0.34
A067023796,23.4,7.2,10.28,16,1.38,0.36
A067025100,24.6,8.5,15.05,15.8,2,0.43
A067025868,17.4,7.1,13.2,16.8,1.07,0.41
A067025880,19,7.4,7.68,16.4,0.95,0.5
A067026018,16.9,7.3,20.26,,1.26,
A067026279,24.7,7.7,16.67,15.7,2.35,0.6
A067026294,20.7,6.5,,16,1.66,0.48
A067026328,26.1,8.4,15.3,15.7,1.16,0.26
A067026336,20.8,6.7,19,16,1.5,0.32
A067026625,23.4,7.8,22.11,16.6,1.56,0.44
A067027301,26.9,7.8,16.64,16.2,1.64,0.43
A067028317,16.8,7,15.81,15.2,1.18,0.4
A067028352,22.3,7.3,10.4,16.1,2.01,0.5
A067028847,16.7,7,26.76,16.5,1.74,0.5
A067029291,24.8,7.5,25.13,15.6,1.76,0.56
A067030768,25.3,8.3,,14.9,,0.36
A067030853,24.2,7.2,13.01,16.3,1.71,0.38
A067031089,26.3,7.8,18.3,16.5,2.19,0.58
A067032313,22.1,6.5,14.24,15.7,1.56,0.4
A067033024,19.6,8.4,13.53,16.8,2,0.42
A067033821,14.5,6.8,24.99,16.3,1.06,0.35
A067034065,13.7,6.3,,,,
A067034293,18.5,6.6,12.92,16.9,0.92,0.23
A067035068,18.2,6.8,17.7,15.8,1.66,0.43
A067035294,22,8.2,,,1.45,0.38
A067038341,28.1,8.6,,15.3,2.67,0.63
A067039304,27.7,7.4,15.96,15.2,2.49,0.43
A067040812,23.7,7.6,16.1,16.2,1.8,0.43
A067041079,17.7,6.9,,15.7,1.04,0.22
A067041379,22.9,8,8.18,14.8,1.84,0.42
A067042073,17.7,7.8,21.27,15.6,1.23,0.29
A067042331,24.1,8,11.13,16.5,1.91,0.46
A067043333,19.8,8.3,15.43,15.4,1.1,0.38
A067043528,16.6,7,13.62,17.2,1.07,0.3
A067043604,24.3,7.3,,,2.24,0.68
A067044113,22.7,7.3,11.09,15.4,2.1,0.61
A067052379,19.8,7.7,27.32,16.1,2.07,0.27
A067052871,27.3,7.9,5.32,16.5,1.38,0.43
A067054621,26.9,8.3,18.65,15.8,1.98,0.55
A067054794,22.5,7.2,15.5,15.7,1.53,0.29
A067054841,22.9,6.7,24.24,16.4,1.41,0.45
A067056015,16.5,7.1,16.95,,1.07,0.34
A067056291,22.4,8.8,9.62,15.4,1.52,0.78
A067057327,19.9,7.6,13.91,15.9,1.65,0.41
A067058613,18,7.5,12.89,17.3,0.95,0.28
A067059802,23.9,7.2,11.43,14.5,2.63,0.4
A067060370,20.6,7.5,7.65,15.9,,0.41
A067061808,22.2,7.3,12.59,15.4,1.76,0.57
A067063288,16.3,7.1,15.47,16.4,1.07,0.38
A067063313,16.2,6.7,14.4,16,0.97,0.51
A067063876,16.2,6.8,18.7,16.5,1.24,0.52
A067067814,20.3,8,,16.2,1.18,0.29
A067073289,17.9,7.3,,16.3,1.31,0.28
A067076637,19.3,6.7,19.3,,1.58,0.59
A067076869,20.2,7.5,25.61,15.8,1.3,0.33
A067077564,29.5,7.8,18.94,15.1,2.05,0.46
A067078301,27.1,8.1,,14.9,1.69,0.38
A067078340,22.8,8.5,18.27,15.3,2.95,0.42
A067078777,23.7,7.7,9.76,16.6,1.98,0.42
A067079580,17.7,8.1,29.27,,1.79,0.41
A067079792,20,6.8,26.83,16.7,1,0.5
A067080099,19.9,7.1,24.31,,1.8,0.4
A067080581,17,7,19.84,16.1,1.1,0.39
A067081094,21.5,7.2,,16.6,1.46,0.34
A067081584,19.4,7.6,18.39,14.9,2.24,0.48
A067082791,24.1,7.3,,16.9,,
A067083019,14.8,6.4,16.04,16,0.77,0.66
A067084043,15.4,6.5,13.33,16.5,,0.29
A067085307,17.8,7.1,12.24,16.6,1.66,0.44
A067086003,18.1,6.6,14.8,16.5,1.08,0.32
A067086264,16.4,7.5,14.84,15.6,0.78,0.39
A067086368,20,7.8,10.1,15.2,1.48,0.33
A067087083,21.4,7.5,18.87,16.1,1.2,0.58
A067088050,27.1,7.6,15.08,15,1.59,0.4
A067088260,23.9,7.9,,15.5,0.95,0.64
A067088817,19.5,7.2,24.59,16,1.99,0.35
A067089522,27.1,7.5,8.89,17.2,1.5,0.24
A067089542,19,7.9,17.81,14.9,1.48,
A067089584,21.1,7.1,20.49,15.5,1.5,0.32
A067089597,17.3,7,17.01,15.6,1.63,0.32
A067091318,18.8,7.2,8.28,15.8,1.07,0.23
A067091793,22,8.3,16.85,16.1,1.38,0.36
A067092301,23.5,6.9,15.34,16.7,1.61,0.3
A067092841,21.5,7.6,14.26,15.8,1.62,0.4
A067092870,18.9,7.2,,16,0.94,0.39
A067093029,24.3,7.5,17.5,16.5,2.19,0.5
A067094126,24.4,7.6,23.91,17.2,1.26,0.41
A067095101,28.2,8.4,12.07,15.9,2.3,0.41
A067095773,20.9,6.8,25.22,16,1.22,0.32
A067096018,27.1,7.4,,16.5,2.37,0.52
A067098057,16.9,6.7,10.98,15.3,1.37,0.4
A067098816,20.2,7.5,,15.5,2.42,0.4
A067099022,20.4,8,14.24,16.2,1.6,0.53
A067099043,23.2,7.5,13.04,15.6,2.84,
A067099783,20.1,7.1,17.37,16.4,1.12,0.31
A067099841,26,8.3,21.46,15.5,2.58,0.49
A067100524,20.2,7,14.72,16.1,1.54,0.5
A067103315,18.1,7.4,14.51,17.1,1.64,0.4
A067103887,17.6,7.4,16.76,16.8,1.63,0.39
A067104348,27.1,7.9,15.05,15.8,1.71,0.29
A067104802,25.7,7.5,17.14,14.8,2.54,0.64
A067106356,19.3,7.2,23.13,15.3,1.82,0.51
A067107007,21.2,7.3,15.18,15.3,1.6,0.38
A067107069,20.4,7.2,11.41,15.3,1.4,0.34
A067107590,20.6,6.6,10.77,16.1,1.65,0.39
A067109370,17,6.5,14.81,15.5,1.42,0.33
A067109611,22.9,7.9,18.44,15.2,1.79,0.27
A067109771,26.1,7.3,,15.7,2.37,0.49
A067111287,23.4,7.6,17.62,16.2,1.68,0.5
A067113538,27,7,,17.4,2.88,
A067113811,25.5,7.2,11.89,,2.07,0.54
A067114278,15.7,7.2,16.63,15.9,0.96,0.34
A067115563,20.7,7.8,4.35,15.9,1.3,0.45
A067116556,24.7,7.4,5.83,16.1,1.85,0.44
A067116848,18.2,7.3,29.74,15.5,1.48,0.4
A067117026,25.3,7.8,13.33,15.6,2.07,0.4
A067117351,18.4,7.3,,16,1.23,0.3
A067117798,18.5,7.8,,16.4,1.01,0.27
A067117838,21.6,7.1,11.83,16.5,2.38,0.39
A067117882,22,6.8,11.89,17.1,1.68,0.5
A067118074,18.2,7,14.94,16.2,1.1,0.36
A067118871,19,7.3,22.73,16.4,1.15,0.53
A067118882,24,7.8,14.15,15.6,,
A067118890,19.7,8,13.52,15.5,1.97,0.37
A067119082,19.5,7.6,,15.2,1.09,0.44
A067119610,22.2,8.5,18.5,15.9,0.99,0.63
A067120600,23.1,8,13.74,15.8,2.19,0.62
A067121332,19,7.9,,16.4,1.41,0.46
A067121382,25.9,7.7,18.53,16,2.27,0.53
A067121769,18.7,7.5,12.75,16,1.07,0.38
A067122316,17.3,7.2,18.37,16.6,0.85,0.25
A067256874,19.3,7.4,,15.4,1.13,0.26
A067257074,27.8,8,15.59,15.5,1.73,0.3
A067257117,20.9,7.6,8.29,15.8,1.26,0.37
A067259573,24.6,8.5,,14.9,1.99,0.51
A067259618,20.8,7.9,18.12,15,1.4,0.31
A067259785,21.1,7.5,28.9,,1.62,0.3
A067260382,22.4,6.9,6.79,16.8,1.37,0.3
A067266284,20.3,7.4,21.12,15.6,0.94,0.33
A067268806,15.9,7.2,12.11,16.3,0.64,0.23
A067271542,17.7,7.6,15.64,16.1,1.74,0.54
A067273277,19.7,7.8,14.78,15.3,1.06,0.22
A067275045,17.2,6.7,21.3,16.1,1.09,0.23
A067276121,25.6,7,19.48,15,1.98,0.35
A067276309,20.4,7.2,17.37,15,1.14,0.29
A067276783,16.1,6.6,,16.5,0.85,0.3
A067277521,19.1,6.1,16.04,,,
A067277793,20.2,7.7,12.02,16.8,0.98,0.3
A067277806,17.3,7.1,10.42,,0.95,0.2
A067278534,16.4,7.6,17.7,15.1,1.53,0.36
A067279373,16.9,7.4,,16.3,1.29,0.49
A067281259,24.6,7.6,,16.7,1.69,0.36
A067281559,20,7.9,,16.5,1.22,
A067284103,17.4,7.4,,,1.09,0.28
A067284545,15.6,6.7,12.39,16.3,1.07,0.38
A067284590,20.7,6,20.18,16,1.77,0.67
A067285354,27.9,8.3,13.11,15,1.82,0.39
A067285801,21.8,7.6,13.94,14.1,1.39,0.31
A067289112,24.1,6.5,12.53,15.8,1.47,0.36
A067290788,22.5,6.9,13.78,16.2,1.23,0.51
A067290795,25.4,8.1,18.11,15.6,1.36,0.25
A067291774,27.4,6.8,,16,2.39,0.33
A067292638,22.2,7.3,19.39,16,1.43,0.41
A067292795,24.6,8.2,13.58,16.7,1.1,0.48
A067292874,19.2,7.6,,16.5,1.29,0.31
A067293358,17,6.8,14.46,15.4,1.61,0.31
A067294326,26.5,7.5,,16.4,,0.76
A067294370,18.5,7.1,13.56,15.8,1.49,0.41
A067295328,24.6,8,18.42,15.2,1.6,0.43
A067295564,18.2,7.5,11.94,15.9,1.11,0.29
A067296011,17.2,7.5,7.93,16.4,0.79,0.36
A067296099,20.5,7.7,10.45,14.2,1.35,0.43
A067296859,18.9,7.1,11.22,16,,
A067298634,18.4,6.3,20.5,15.3,1.07,0.43
A067299070,21.1,7.6,16.32,16.1,1.44,0.39
A067299835,26.7,8,13.05,14.6,2.26,0.36
A067300011,17.3,7.4,15.78,,0.87,0.34
A067301357,25.5,7.2,22.4,17,1.48,0.39
A067301616,19.3,7.1,11.26,14.7,1.04,0.37
A067301776,23.5,8.2,13.21,15.4,1.82,0.26
A067301793,19.8,7.8,16.48,17,1.29,0.28
A067302041,19.5,7.8,15.78,16.5,1.23,0.32
A067302081,25.4,8.2,20.57,15.5,2.37,0.51
A067302541,22.5,7.5,29.27,17.2,0.96,0.41
A067302818,17.8,7.8,19.25,,1.54,0.65
A067303053,16.4,7.1,18.53,15.7,1.17,0.56
A067303587,19.6,8.1,22.35,14.9,1.23,0.42
A067303813,24.9,8,,14.6,1.66,0.32
A067303847,25.4,7.6,15.04,15.2,1.67,0.42
A067303857,16.1,6.5,24.81,15.7,1.12,0.43
A067304542,17.4,6.9,25.17,16,1.83,0.38
A067304848,17,7.1,21.83,15.5,1.2,0.3
A067304885,27.9,7.8,18.84,15.4,1.89,0.22
A067305066,21.7,7.4,14.2,16.9,2.03,0.72
A067305333,18.3,7.2,10.27,15.7,1.85,0.67
A067305352,24.6,7.9,22.2,16.5,2.33,0.6
A067305543,17.2,7,,15.7,1.05,0.6
A067306015,28.5,7.9,,15.9,,
A067306302,17.3,7.3,13.24,16.1,0.88,0.35
A067306375,18.7,6.9,16.54,,1.14,0.32
A067306573,24.1,8.1,7.97,16,1.7,0.43
A067306625,26.8,8,16.71,15,,0.46
A067306626,25.3,8.2,19.18,15.8,2.03,0.45
A067306825,23.4,8.2,,15.2,1.18,0.36
A067307590,16.3,7.2,15.03,16.2,,0.27
A067308778,24.8,7.8,17.21,15.5,1.96,0.45
A067308813,16.6,6.4,17.35,16,1.23,0.61
A067309299,20.8,8,,15.4,1.61,0.3
A067309323,22.9,7.5,8.44,16.3,1.3,0.5
A067309526,23.4,7.7,17.17,17,1.69,0.36
A067310358,26.8,8.1,,16.3,1.43,0.2
A067310562,20.3,7.6,22.87,16,1.2,0.3
A067310570,23.8,7.4,23.1,15.6,1.72,0.59
A067311866,17.9,7.5,,15.4,1.49,0.53
A067313019,29.2,8.1,12.72,15.6,2.57,0.61
A067316112,19.4,8.1,10.84,15.8,1.51,0.43
A067317335,25.9,7.5,15.15,14.7,1.82,0.5
A067320280,21.8,7.9,,16.5,1.36,0.32
A067320288,23.4,8,8,16.1,1.81,0.44
A067320841,21.7,8,21.57,15.7,2.52,0.59
A067320889,25.6,7.8,18.49,15.7,,0.41
A083564373,16.9,7.1,,15.9,1.48,0.3
A083568891,20.2,8.4,,14.2,1.72,0.48
A083583043,19.1,7.6,,16.3,1.62,0.63
A083583091,19.5,7.8,,16.1,1.31,0.47
A083583382,19.1,7.3,15.14,,0.93,
A083595329,21.5,8.2,21.08,15.6,1.56,0.62
A083609520,18.4,8.1,,16.1,1.01,0.4
A083611550,20.6,7,16.18,15.9,1.53,0.36
A084121087,18.8,8.7,,15.1,1.7,0.65
A084124115,18.2,7.3,,15.2,1.06,0.54
A084124302,25.9,8.1,18.86,16.1,1.74,0.7
A084124373,18.5,7.8,19.69,15.6,0.9,0.45
A084124633,27.7,7.5,14.5,17.1,1.48,0.5
A084124895,30.9,8.3,,14.7,1.72,0.48
A084125270,23.8,7.7,8.88,15.6,1.29,0.42
A084125374,29.7,8.2,,15.6,1.67,0.29
A084125523,25.7,8.6,21.54,16,2.33,0.39
A084125547,19.5,8.2,,15.5,0.81,0.53
A084125622,26.5,7.6,13.4,14.9,2.64,0.46
A084125831,17.2,7.8,17.62,15.3,1.28,0.29
A084126009,26.9,8.4,,,1.54,0.41
A084126070,29.8,8.5,,15.1,1.33,0.42
A084126082,20.6,6.9,14.95,16.4,1.33,0.31
A084126103,27.2,8.5,21.94,,1.83,0.47
A084126106,25.4,8.1,,15.8,1.15,0.41
A084126126,28.1,8.9,18.93,15.7,2.58,0.52
A084126258,30,8.8,11.86,15.2,1.34,0.32
A084126295,28.8,8.9,16.01,15.7,,0.45
A084126319,26.3,7,10.43,,1.86,0.32
A084126369,24.3,8.5,9.82,16.1,1.49,0.3
A084126374,25,8.1,16.76,15.9,1.9,0.53
A084126549,23.8,7.6,10.26,15.7,1.48,0.48
A084126577,25.5,8.5,,14.9,1.5,
A084126609,33.3,8.6,10.79,16.1,,0.72
A084126634,24.9,8.4,,15.4,2.08,0.47
A084126638,24.2,7.8,14.34,16,2.12,0.41
A084126773,31.1,8.5,,15.8,1.76,0.35
A084126777,19.9,7.9,,15.1,,0.44
A084126810,23.6,8.4,,14.9,1.76,0.56
A084126813,28,8.4,,15.5,1.79,0.34
A084126850,22.7,7.6,,15,1.64,0.42
A084126878,22.4,7.3,16.76,16.5,1.36,0.46
A084127001,26.2,8.7,18.82,14.9,1.68,0.73
A084127009,18.1,7.9,,15.7,1.07,0.46
A084127010,20.8,8,16.26,15.3,1.32,0.21
A084127030,27.1,8.5,,15.6,1.47,0.43
A084127033,18.3,7.5,23.27,16.1,1.31,0.43
A084127034,23.3,8,,16.1,1.7,0.43
A084127035,31,8.4,12.76,15,1.83,0.32
A084127041,25.3,7.9,,15.2,1.21,0.46
A084127055,20.3,8.4,,15.3,1,0.57
A084127091,28.6,8.2,10.98,15.5,1.77,0.48
A084127094,15.9,7.5,,16.1,1.02,0.74
A084127110,18.9,6.7,19.93,16.1,1.73,0.49
A084127121,21.4,7.3,,15.8,1.06,0.37
A084127262,24.5,7.6,,16.1,1.19,0.35
A084127285,20.1,8.4,10.65,14.5,1.58,0.5
A084127286,25.3,7.5,21.25,,1.92,0.5
A084127294,23.8,7.5,12.67,,2.5,0.63
A084127367,24.9,7.9,,16.2,2.1,0.37
A084127379,24.1,7.6,13.37,15.2,1.81,0.47
A084127515,24.2,7.9,15.28,15.2,1.57,0.29
A084127597,24.2,7.9,,15.9,1.87,0.55
A084270338,31.5,8,9.59,15.5,1.66,0.3
A084270578,24.1,8.1,16.76,16,1.54,0.24
A084270587,17.8,6.5,,14.9,1.08,0.26
A084270589,19,7.9,,15.5,1.36,0.73
A084270629,25.4,7.9,21.18,15.2,,0.53
A084270774,23.9,7.3,12.91,15.3,,0.36
A084271009,26.8,8.1,,15.7,1.5,0.58
A084271039,18.7,7.4,,15.5,,
A084271049,18.9,7.4,20.21,15.7,1.11,0.46
A084271063,25.9,8.2,17.8,15.2,0.78,
A084271100,22.7,7.9,,15.1,0.68,0.31
A084271110,26.3,7.4,,16.5,,0.32
A084271126,21.6,8,,16.2,,0.53
A084271347,20.5,8.5,9.87,16.2,1.7,0.63
A084271369,26.2,8.2,,,1.48,0.32
A084271372,30.5,8.8,14.54,15,1.82,0.38
A084271374,25.9,7.8,10.67,15.4,2.1,0.55
A084271526,16.9,7.5,14.11,15.9,,0.68
A084271554,27,8.1,,15.2,1.7,0.36
A084271577,19.7,8.4,18.22,15.6,1.15,0.44
A084271579,21,8.1,11.73,15.6,0.65,
A084271613,26.3,8.2,15.98,15.3,1.96,0.55
A084271615,20.5,7.7,,16.1,1.42,0.45
A084271826,28.2,8.3,8.39,15.9,1.88,0.42
A084271831,24.3,8.1,,15.6,0.88,0.81
A084271874,21.8,7.5,10.96,15.7,1.68,0.27
A084271877,25,8.3,19.15,15.2,1.58,0.65
A084271878,17.3,7.1,15.71,16.2,0.77,0.49
A084271879,27.8,8.7,21.96,14.8,1.97,0.72
A084279514,27.7,8.1,15.97,15.3,,0.5
A084279557,27.3,8.2,19.22,15.2,1.38,0.44
A084279561,20.2,8.2,20.53,14.9,1.23,0.36
A084279591,16.3,7.4,20.09,16,,0.49
A084279596,23.3,8,9.63,15.8,1.37,0.57
A084279598,26.3,8.2,15.7,15.4,1.77,0.41
A084279770,23.4,7.8,,15.5,1.69,0.5
A084279806,24.4,7.4,16.28,15.4,1.71,0.26
A084279842,16.5,7.1,13.43,15.5,1.19,0.26
A084279851,25,7.6,13.84,15.3,,0.36
A084280034,22.1,8,16.7,15.2,1.08,0.31
A084280038,28.3,7.4,13.46,15,1.88,0.58
A084280051,32,9.2,,16.4,,0.38
A084280063,25,7.8,19.96,,1.71,0.5
A084280066,23,9.2,13.98,16.2,2.05,0.43
A084280069,30.5,8.1,8.25,15.7,2.77,0.68
A084280071,28.4,8.6,13.04,15.8,1.27,0.53
A084280094,27,8.4,21.12,16.4,2.12,0.44
A084280119,15.5,7.6,,15.4,1.55,0.36
A084280124,17.4,7.8,,15.7,0.56,0.21
A084280262,19.6,7.8,20.4,15.4,1.03,0.58
A084280274,24.5,7.4,13.35,16.3,,0.27
A084280275,18.4,7.5,,16.1,1.28,0.47
A084280329,27.6,9,,15.2,1.76,0.46
A084280342,23.1,7.1,,15,2.14,0.4
A084280362,25,8.3,12.7,15.1,2.2,0.67
A084280536,18.6,6.5,21.3,16,,0.42
A084280554,18.2,7.3,17.95,16.6,1.17,0.55
A084280565,16.6,8.1,,15.4,1.69,0.4
A084280571,19.7,7.8,,15.9,1.21,0.76
A084280601,28.3,8.8,13.87,,2,0.35
A084280614,26.4,8.4,18.93,15.1,2,0.56
A084280619,16.9,8,,15.3,,0.39
A084280626,18.1,7.9,16.45,16.8,1.45,0.32
A084280627,18.1,7.4,13.51,15.7,1.34,0.34
A084280786,25.9,8.8,,15.7,1.6,0.38
A084280829,28.1,8.3,11.13,16.5,1.52,0.59
A084280832,27.6,7.8,8.04,14.7,1.45,0.28
A084280842,20.9,7.3,15.43,16.1,1.08,0.63
A084280886,19.8,8.5,19.79,15.9,1.06,0.7
A084281011,23.5,7.3,19.35,15.2,1.82,0.25
A084281018,16.8,8.3,,15.5,0.75,0.35
A084281046,25.7,8.3,,15.1,1.31,0.32
A084281887,19.7,7.8,22.03,16.2,1.36,0.47
A084282637,19.8,7,9.14,14.8,1.38,0.46
A084282869,27.6,8.9,22.98,16.5,1.89,0.43
A084284333,19.3,7.4,,14.8,1.24,0.4
A084284360,27.6,7.9,14.5,15.9,1.22,0.55
A084284365,30.3,8.5,18.72,15.3,1.86,0.69
A084284533,17,7.2,,16.4,1.55,0.43
A084284539,24.8,7.5,15.1,16,1.2,0.48
A084284540,20.1,8.5,20.41,15,1.15,0.41
A084284551,26.1,8.4,15.44,15.8,1.8,0.57
A084284561,21.5,7.8,14.74,15.4,1.35,0.53
A084284566,26.9,8.2,,,2.05,0.4
A084284570,31.5,8.9,,15.4,1.63,0.39
A084284577,29.7,7.3,6.61,15.3,1.64,0.39
A084284635,22,7.6,,,1.73,0.51
A084284769,21.1,8.4,13.8,14.7,1.38,0.33
A084284777,23.9,7.4,16.11,16.5,1.74,0.46
A084284804,22.6,7.6,,15.8,2.19,0.49
A084284823,26.4,8.1,,,1.55,0.37
A084284841,32.6,8.7,,16.2,2.35,0.49
A084284842,25.3,7.5,,,1.47,0.42
A084284848,19.2,7.8,30.59,15.7,1.45,0.24
A084285001,27.5,9.2,12.24,15.8,2.53,0.46
A084285035,19.8,8,15.04,15.2,1.32,0.28
A084285039,25.7,7.9,,16.1,2.17,0.66
A084285095,24.4,7.8,20.17,16.6,1.79,0.62
A084285098,21.9,7.4,14.71,15.5,1.8,0.68
A084285109,16.9,7.7,,15.9,,
A084285310,29.2,7.5,15.49,15.3,2.68,0.56
A084285327,23.9,7.9,,15.6,1.26,0.27
A084285331,24.3,8.1,,15,2.98,0.55
A084285341,26.7,7.8,19.47,15.2,2.45,
A084285530,18.5,7.4,16.49,15.7,1.49,0.34
A084285552,21,8,16.82,15.7,1.29,0.41
A084285554,22.6,8.2,14.11,15.2,1.74,0.35
A084285587,26.2,8,16.29,14.6,1.68,0.4
A084285591,23.3,8.5,,15.8,1.12,0.27
A084285629,18.6,7.6,16.5,14.9,0.98,0.27
A084285633,26.5,8.2,,15.2,1.92,
A084285787,22,8.3,,15.5,,0.72
A084285812,28.2,7.5,,15.2,1.84,
A084285820,27,9,25.57,15.1,2.46,0.52
A084285850,26.2,8.6,,14.5,1.7,0.47
A084285862,27.7,8.6,14.66,16.9,1.41,0.37
A084285891,21.7,8,,16.4,1.22,0.37
A084286061,15.7,7,16.07,15.6,1.1,0.42
A084286071,24.4,8.3,19.11,15.3,1.65,0.44
A084286106,26.5,7.8,,15.9,2.67,0.47
A084286107,25.5,7.9,13.31,15.8,1.82,0.31
A084286127,31.7,8.8,11.3,15.9,,0.4
A084286265,25.9,6.8,23.73,15,1.4,0.47
A084286286,17.1,7.8,15.24,15.3,2.33,0.49
A084286350,24.7,7.6,17.61,,1.63,0.5
A084286354,24.8,8.1,,14.9,,
A084286365,28.6,8.3,16.63,,,
A084286374,23.5,7.8,,15.5,1.69,0.45
A084286378,28.3,8.9,,15.5,2.01,0.47
A084286518,27.8,7.7,21.22,15.8,1.42,0.71
A084286550,17.5,7,16.5,16,0.9,0.38
A084286587,16.1,7,,16,0.51,0.27
A084286598,20.8,7.3,,15.1,1.14,0.51
A084286619,26.7,8.5,17.11,15.2,2.23,0.58
A084286625,23.2,7.6,22.65,15.9,2.59,0.57
A084286629,28.9,7.5,23.4,15.2,2.48,0.53
A084286771,23.8,8.5,7.77,15.2,1.66,0.33
A084286782,18.1,7.6,15.01,15.1,1.79,0.46
A084286803,22.1,7.9,26.16,15.4,1.38,0.28
A084286806,24,8.1,,15.6,1.47,0.28
A084286862,30.7,8.6,,15.3,1.84,0.54
A084286879,21.3,8.5,13.48,15,1.1,0.39
A084287046,17.7,7.8,13.92,16.4,0.7,0.52
A084287050,29.2,7.7,10.78,16.7,1.86,0.43
A084287053,19.6,8,21.98,15.4,1.08,0.29
A084287257,25.8,8.2,,15.5,1.36,0.43
A084287315,22.2,7,,16.2,1.4,0.38
A084287354,26.7,8.3,11.21,14.4,1.58,0.67
A084287516,17,7.8,,15.6,1.48,0.53
A084287630,23.7,7.2,13.45,15,1.31,0.29
A084287792,27.8,7.9,14.69,16.2,2.26,0.34
A084288028,18.7,7.9,23.24,15.5,,0.35
A084289027,24.7,7.6,,14.3,1.99,0.55
A084290318,28,7,16.38,16.2,2.28,0.49
A084290360,26.4,8.5,23.93,15.8,1.69,0.51
A084290531,23.1,7.6,14.33,15.4,1.63,0.42
A084290788,27.4,8.8,,15,1.27,0.26
A084291352,28.5,8.6,10.58,15.5,1.73,0.41
A084291356,24.4,8.1,16.87,16.7,1.84,0.39
A084291611,18.1,7.4,16.24,15.9,0.81,0.51
A084291618,26.4,7.9,,15.6,1.37,0.37
A084291628,26.6,8.8,10.43,15.8,2.14,0.48
A084291785,29.4,8.2,18.83,15.4,2.23,0.39
A084291787,22.3,7.3,,16.5,1.15,0.42
A084292044,28.5,8.6,,15.9,1.34,0.37
A048041606,,7.1,7.02,,,
A048042298,,6.9,30.65,16.6,,
A048043004,,6.7,14.63,15.6,,
A048067529,,7.7,,,,
A048115586,,7.8,,,,
A048274070,,7,21.58,15.7,,
A048280359,,7.4,18.39,15.5,,
A048284577,,6.9,10.19,15.9,,
A048285264,,8,,,,
A048292860,,7.5,17.55,16.1,,
A048301370,,7.5,,15.1,,
A052623359,,7.5,18.41,16.6,,
A052631282,,8,9.52,15.9,,
A053083044,,6.8,17.38,15.7,,
A053310123,,7.8,19.84,15.2,,
A053345270,,7.6,,15.8,,
A053375835,,7.5,24,16,,
A053583098,,7.5,12,,,
A053628118,,8.2,15.49,,,
A053777555,,6.7,11.8,15.7,,
A063009106,,7.8,16.48,16.2,,
A063014272,,7.6,15.93,15.5,,
A063354863,,8.1,21.09,15.5,,
A063369379,,6.3,10.11,15.9,,
A063373814,,7.5,17.37,16,,
A063376082,,8.4,9.5,15.6,,
A063379275,,7.7,17.18,16.2,,
A063554885,,8,22.54,15.3,,
A063573561,,7.6,20.41,16,,
A063620055,,6.5,23.94,15.3,,
A063638035,,7.5,16.61,15.3,,
A063799614,,6.7,9.79,15.4,,
A063807802,,8.4,13.97,16.6,,
A063812869,,7.5,15.31,14.7,,
A063819817,,7.2,,15.7,,
A063834829,,6.6,17.8,15.5,,
A063836584,,7.5,17.09,15.4,,
A064008029,,7.5,18.15,16.5,,
A064094852,,7.3,,15.7,,
A064100014,,6.6,17.93,15.5,,
A064779520,,7.5,12.28,16,,
A066822863,,6.4,12.38,16.1,,
A066825627,,8,17.36,15.8,,
A066832891,,7.7,10.14,16,,
A066841802,,7.6,,16.4,,
A066886308,,7.9,20.06,16.7,,
A067004612,,8,13.43,16.8,,
A067011548,,7.4,17.32,15.7,,
A067035071,,7.9,10.92,15.7,,
A067087359,,6.5,16.83,16.1,,
A067089071,,7,10.85,15.6,,
A067291818,,7.5,16.75,,,
A084123535,,8.2,20.87,15.4,,
A084126030,,8.2,,15.6,,
A084127029,,8.1,22.41,15.6,,
A084127546,,8,11.4,15.4,,
A084285015,,8.4,18.19,15.7,,
A084285786,,8.7,16.04,15.5,,
